Название;Цена, руб.;Артикул;Стартовый ток;Емкость;Номинальное напряжение;Клемы;Полярность;Длина;Ширина;Высота;Вес;Изготовитель;Страна производства
Forse 85 Ач (низ) обр.п. (0);10390;00008323;800А;85,0 Ач;12В;Толстые;Обратная;310 мм.;175 мм.;175 мм.;18.9 кг.;"ООО ""ИСТОК+""";Российская Федерация г.Курск
Тюмень AGM 95 Ач обр.п. (0);17880;00008197;800А;95,0 Ач;12В;Толстые;Обратная;350 мм.;175 мм.;190 мм.;24.3 кг.;"ОАО ""Тюменский аккумуляторный завод""";Российская Федерация г.Тюмень
ТЮМЕНЬ Азия 65 Ач (23 L) обр.п. (0);6300;00008196;580А;65,0 Ач;12В;Толстые;Обратная;230 мм.;170 мм.;220 мм.;16.3 кг.;"ОАО ""Тюменский аккумуляторный завод""";Российская Федерация г.Тюмень
Bars Silver 100 Ач прям.п. (1);8030;00008121;780А;100,0 Ач;12В;Толстые;Прямая;353 мм.;175 мм.;190 мм.;23.4 кг.;"ТОО ""Кайнар АКБ""";Республика Казахстан г.Талдыкорган
SUPER FB Truck&Bus 150 Ач (155 G 51) прям.п. (4);19900;00008104;765А;150,0 Ач;12В;Толстые;Прямая;510 мм.;220 мм.;225 мм.;38.8 кг.;THE FURUKAWA BATTERY CO.,LTD;Япония г.Иокогама
SUPER FB Truck&Bus 130 Ач (130 F 51) прям.п. (4);18900;00008103;695А;130,0 Ач;12В;Толстые;Прямая;500 мм.;180 мм.;225 мм.;32.9 кг.;THE FURUKAWA BATTERY CO.,LTD;Япония г.Иокогама
Topla Energy 75 Ач прям.п. (1);9300;00000330;750А;75,0 Ач;12В;Толстые;Прямая;278 мм.;1175 мм.;190 мм.;17.9 кг.;TAB MAK d.o.o;Республика Словения г.Межица
Topla Energy 75 Ач обр.п. (0);9300;00000449;750А;75,0 Ач;12В;Толстые;Обратная;278 мм.;1175 мм.;190 мм.;17.9 кг.;TAB MAK d.o.o;Республика Словения г.Межица
Topla Energy 66 Ач обр.п. (0);7800;00003221;620А;66,0 Ач;12В;Толстые;Обратная;242 мм.;173 мм.;190 мм.;15.7 кг.;TAB MAK d.o.o;Республика Словения г.Межица
Topla Energy 60 Ач прям.п. (1);6770;00000329;600А;60,0 Ач;12В;Толстые;Прямая;242 мм.;175 мм.;190 мм.;15.4 кг.;TAB MAK d.o.o;Республика Словения г.Межица
Topla Energy 60 Ач обр.п. (0);6770;00000447;600А;60,0 Ач;12В;Толстые;Обратная;242 мм.;175 мм.;190 мм.;15.4 кг.;TAB MAK d.o.o;Республика Словения г.Межица
Topla 75 а/ч (D26R) (азия) (1);9450;00008097;740А;75,0 Ач;12В;Толстые;Прямая;259 мм.;175 мм.;220 мм.;20 кг.;TAB MAK d.o.o;Республика Словения г.Межица
Topla 75 а/ч (D26L) (азия) (0);9450;00003226;740А;75,0 Ач;12В;Толстые;Обратная;259 мм.;175 мм.;220 мм.;20 кг.;TAB MAK d.o.o;Республика Словения г.Межица
Topla 65 а/ч (D23L) (азия) (0);8250;00003225;650А;65,0 Ач;12В;Толстые;Обратная;230 мм.;170 мм.;200 мм.;15 кг.;TAB MAK d.o.o;Республика Словения г.Межица
Topla 55 а/ч (B24L) (азия) (0);7500;00008100;490А;55,0 Ач;12В;Толстые;Обратная;236 мм.;128 мм.;220 мм.;13.2 кг.;TAB MAK d.o.o;Республика Словения г.Межица
Topla 100 а/ч (D31R) (азия) (1);12300;00008099;900А;100,0 Ач;12В;Толстые;Прямая;310 мм.;175 мм.;220 мм.;21.3 кг.;TAB MAK d.o.o;Республика Словения г.Межица
Topla 100 а/ч (D31L) (азия) (0);12300;00008098;900А;100,0 Ач;12В;Толстые;Обратная;310 мм.;175 мм.;220 мм.;21.3 кг.;TAB MAK d.o.o;Республика Словения г.Межица
Numax Silver Euro 56513 65 Ач обр. п. (0);7290;00008081;650А;65,0 Ач;12В;Толстые;Обратная;240 мм.;175 мм.;175 мм.;15.4 кг.;BOST HOLDINGS-DTR CORP;Республика Корея г.Сеул
Тюмень Premium 61 Ач низ обр.п. (0);5870;00008072;540А;61,0 Ач;12В;Толстые;Обратная;242 мм.;175 мм.;175 мм.;14.8 кг.;"ОАО ""Тюменский аккумуляторный завод""";Российская Федерация г.Тюмень
Тюмень Premium 61 Ач низ прям.п. (1);5870;00008056;540А;61,0 Ач;12В;Толстые;Прямая;242 мм.;175 мм.;175 мм.;14.8 кг.;"ОАО ""Тюменский аккумуляторный завод""";Российская Федерация г.Тюмень
DELTA EPS 1220 20 Ач обр. п. (0);8780;00008030;360А;23,0 Ач;12В;4F;Обратная;205 мм.;87 мм.;162 мм.;7.55 кг.;FUJIAN MINHUA POWER SOURCE CO.,LTD;Китайская народная республика, г.Фуджиан
PRESIDENT AGM AX 90 Ач (115 D 31R)  (1);15820;00008023;800А;90,0 Ач;12В;Толстые;Прямая;302 мм.;172 мм.;200 мм.;24 кг.;ATLASBX, Co., Ltd.;Республика Корея Провинция Чолла-Пукто
PRESIDENT AGM AX 90 Ач (115 D 31L)  (0);15820;00008022;800А;90,0 Ач;12В;Толстые;Обратная;302 мм.;172 мм.;200 мм.;24 кг.;ATLASBX, Co., Ltd.;Республика Корея Провинция Чолла-Пукто
EXIDE PREMIUM 85 А/ч обр.п (0) ЕА852;11050;00001335;800А;85,0 Ач;12В;Толстые;Обратная;315 мм.;175 мм.;175 мм.;20.5 кг.;EXIDE Technologies S.A;Польша г. Познань
FireBall 100 Ач прям.п. (1);7070;00007994;810А;100,0 Ач;12В;Толстые;Прямая;353 мм.;175 мм.;190 мм.;23 кг.;"ООО ""ИСТОК+""";Российская Федерация г.Курск
Varta Standart 100 Ач обр.п. (0);11210;00000700;820А;100,0 Ач;12В;Толстые;Обратная;353 мм.;175 мм.;190 мм.;24 кг.;"ООО ""ТУБОР""";Российская Федерация Нижегородская обл. г.Бор
Bars Silver 210 Ач (конус) прям.п. (4);16620;00007993;1350А;210,0 Ач;12В;Толстые;Прямая;524 мм.;239 мм.;223 мм.;50 кг.;"ТОО ""Кайнар АКБ""";Республика Казахстан г.Талдыкорган
EXIDE PREMIUM 77 А/ч обр.п (0) ЕА770;10600;00000894;760А;77,0 Ач;12В;Толстые;Обратная;278 мм.;175 мм.;190 мм.;19.5 кг.;EXIDE Technologies S.A;Польша г. Познань
EXIDE PREMIUM 72 А/ч обр.п. (0) ЕА722;9700;00001152;720А;72,0 Ач;12В;Толстые;Обратная;278 мм.;175 мм.;175 мм.;19 кг.;EXIDE Technologies S.A;Польша г. Познань
EXIDE PREMIUM 61 А/ч обр.п. (0) ЕА612;8100;00007911;600А;61,0 Ач;12В;Толстые;Обратная;242 мм.;175 мм.;175 мм.;16.2 кг.;EXIDE Technologies S.A;Польша г. Познань
EXIDE AGM 95 Ач обр.п. (0) ЕК950;19000;00007914;850А;95,0 Ач;12В;Толстые;Обратная;353 мм.;175 мм.;190 мм.;26 кг.;EXIDE Technologies S.A;Польша г. Познань
EXIDE AGM 80 Ач обр.п. (0) ЕК800;17700;00007913;800А;80,0 Ач;12В;Толстые;Обратная;315 мм.;175 мм.;190 мм.;23.4 кг.;EXIDE Technologies S.A;Польша г. Познань
EXIDE AGM 70 Ач обр.п. (0) ЕК700;15550;00007912;760А;70,0 Ач;12В;Толстые;Обратная;278 мм.;175 мм.;190 мм.;20.5 кг.;EXIDE Technologies S.A;Польша г. Познань
SUPER FB Altica HIGH-GRADE 80 Ач (110 D 26 R) (1);17380;00007884;760А;80,0 Ач;12В;Толстые;Прямая;255 мм.;173 мм.;225 мм.;19.1 кг.;THE FURUKAWA BATTERY CO.,LTD;Япония г.Иокогама
АКТЕХ CLASSIC 110 Ач прям.п. (1);10230;00007849;950А;110,0 Ач;12В;Толстые;Прямая;352 мм.;175 мм.;190 мм.;25.2 кг.;"ООО ""Актех Энергия Трейд""";Российская Федерация г.Иркутск
TUBOR SYNERGY 76 Ач прям. п. (1);8250;00007848;730А;76,0 Ач;12В;Толстые;Прямая;278 мм.;175 мм.;190 мм.;19.3 кг.;"ООО ""ТУБОР""";Российская Федерация Нижегородская обл. г.Бор
YUASA Silver Hight Performance  75Ач (90 D 26 R) YBX5069 (1);10880;00007844;650А;75,0 Ач;12В;Толстые;Прямая;260 мм.;168 мм.;220 мм.;18.3 кг.;GSYuasa International Ltd;Япония
YUASA 72Ач (85 D 26 R) YBX3031 (1);9390;00007843;630А;72,0 Ач;12В;Толстые;Прямая;260 мм.;168 мм.;220 мм.;17.4 кг.;GSYuasa International Ltd;Япония
YUASA 60Ач (60 D 23 L) YBX3005 (0);7770;00007845;500А;60,0 Ач;12В;Толстые;Обратная;230 мм.;168 мм.;220 мм.;15 кг.;GSYuasa International Ltd;Япония
YUASA AGM Start Stop 95Ач  обр. п. YBX9019 (0);25380;00007784;850А;95,0 Ач;12В;Толстые;Обратная;353 мм.;175 мм.;190 мм.;26.2 кг.;GSYuasa International Ltd;Япония
YUASA AGM Start Stop 80Ач обр. п. YBX9115 (0);21750;00007785;800А;80,0 Ач;12В;Толстые;Обратная;305 мм.;175 мм.;190 мм.;23.3 кг.;GSYuasa International Ltd;Япония
YUASA Silver Hight Performance  100Ач (120 D 31 R) YBX5334 (1);12540;00007781;830А;100,0 Ач;12В;Толстые;Прямая;301 мм.;172 мм.;220 мм.;21.5 кг.;GSYuasa International Ltd;Япония
YUASA Silver Hight Performance  100Ач (120 D 31 L) YBX5335 (0);12540;00007780;830А;100,0 Ач;12В;Толстые;Обратная;301 мм.;172 мм.;220 мм.;21.5 кг.;GSYuasa International Ltd;Япония
YUASA Silver Hight Performance  75Ач (90 D 26 L) YBX5068 (0);10880;00007779;650А;75,0 Ач;12В;Толстые;Обратная;260 мм.;168 мм.;220 мм.;18.3 кг.;GSYuasa International Ltd;Япония
YUASA Silver Hight Performance  65Ач (80 D 23 L) YBX5005 (0);10150;00007778;580А;65,0 Ач;12В;Толстые;Обратная;230 мм.;168 мм.;220 мм.;16 кг.;GSYuasa International Ltd;Япония
YUASA Silver Hight Performance  50Ач (60 B 24 R) YBX5057 (1);9160;00007777;450А;50,0 Ач;12В;Тонкие;Прямая;236 мм.;128 мм.;220 мм.;12.2 кг.;GSYuasa International Ltd;Япония
YUASA Silver Hight Performance  50Ач (60 B 24 L) YBX5053 (0);9160;00007776;450А;50,0 Ач;12В;Тонкие;Обратная;236 мм.;128 мм.;220 мм.;12.2 кг.;GSYuasa International Ltd;Япония
YUASA 95Ач (115 D 31 R) YBX3334 (1);12070;00007783;720А;95,0 Ач;12В;Толстые;Прямая;301 мм.;172 мм.;220 мм.;20.3 кг.;GSYuasa International Ltd;Япония
YUASA 95Ач (115 D 31 L) YBX3335 (0);12070;00007782;720А;95,0 Ач;12В;Толстые;Обратная;301 мм.;172 мм.;220 мм.;20.3 кг.;GSYuasa International Ltd;Япония
YUASA 72Ач (85 D 26 L) YBX3030 (0);9390;00007786;630А;72,0 Ач;12В;Толстые;Обратная;260 мм.;168 мм.;220 мм.;17.4 кг.;GSYuasa International Ltd;Япония
Varta Standart 60 Ач прям. п. (1);6650;00007711;520А;60,0 Ач;12В;Толстые;Прямая;242 мм.;175 мм.;190 мм.;13.8 кг.;"ООО ""ТУБОР""";Российская Федерация Нижегородская обл. г.Бор
Varta Standart 100 Ач прям. п. (1);11210;00007710;820А;100,0 Ач;12В;Толстые;Прямая;353 мм.;175 мм.;190 мм.;24 кг.;"ООО ""ТУБОР""";Российская Федерация Нижегородская обл. г.Бор
TUDOR AGM 80 Ач обр.п. (0);17670;00007709;800А;80,0 Ач;12В;Толстые;Обратная;315 мм.;175 мм.;190 мм.;23 кг.;EXIDE TECHNOLOGIES Transportation Business Group Europe;Польша г. Познань
MUTLU SFB M2 72 Ач (низ) обр.п. (0);7760;00007708;580А;72,0 Ач;12В;Толстые;Обратная;275 мм.;175 мм.;175 мм.;17.1 кг.;MUTLU AKU VE MALZEMELERI SANAYII A.S.;Турецкая Республика г. Анкара
Bosch 0092S40050 60 Ач обр. п. (0);8840;00001064;540А;60,0 Ач;12В;Толстые;Обратная;242 мм.;175 мм.;190 мм.;14.9 кг.;Clarios Germany GmbH& Co.KGaA;Германия г.Ганновер
SEBANG SMF 65 Ач (75 D 23 R) (1);5220;00007707;580А;65,0 Ач;12В;Толстые;Прямая;2232 мм.;175 мм.;225 мм.;;-;-
SUPER FB ECHNO IS  S-95  64 Ач (D26L) (0);17280;00007692;760А;64,0 Ач;12В;Толстые;Обратная;255 мм.;175 мм.;225 мм.;20 кг.;THE FURUKAWA BATTERY CO.,LTD;Япония г.Иокогама
SUPER FB ECHNO IS  Q-85  61 Ач (D23L) (0);15200;00007691;560А;61,0 Ач;12В;Толстые;Обратная;229 мм.;167 мм.;225 мм.;17 кг.;THE FURUKAWA BATTERY CO.,LTD;Япония г.Иокогама
SUPER FB Altica HIGH-GRADE 90 Ач (125 D 31 R) (1);22670;00007693;850А;90,0 Ач;12В;Толстые;Прямая;303 мм.;173 мм.;225 мм.;21.8 кг.;THE FURUKAWA BATTERY CO.,LTD;Япония г.Иокогама
SUPER FB Altica PREMIUM 98 Ач (145 D 31 R) (1);24830;00007676;900А;98,0 Ач;12В;Толстые;Прямая;303 мм.;175 мм.;225 мм.;23.6 кг.;THE FURUKAWA BATTERY CO.,LTD;Япония г.Иокогама
SUPER FB Altica PREMIUM 98 Ач (145 D 31 L) (0);24830;00007675;900А;98,0 Ач;12В;Толстые;Обратная;303 мм.;175 мм.;225 мм.;23.6 кг.;THE FURUKAWA BATTERY CO.,LTD;Япония г.Иокогама
SUPER FB Altica PREMIUM 85 Ач (125 D 26 R) (1);19870;00007674;800А;85,0 Ач;12В;Толстые;Прямая;255 мм.;173 мм.;225 мм.;19.7 кг.;THE FURUKAWA BATTERY CO.,LTD;Япония г.Иокогама
SUPER FB Altica HIGH-GRADE 43 Ач (46 B 19L) (0);9180;00007673;380А;43,0 Ач;12В;Тонкие;Обратная;184 мм.;125 мм.;225 мм.;9.9 кг.;THE FURUKAWA BATTERY CO.,LTD;Япония г.Иокогама
Тюмень 100 Ач прям.п. (1);9390;00007650;830А;100,0 Ач;12В;Толстые;Прямая;345 мм.;175 мм.;213 мм.;23.6 кг.;"ОАО ""Тюменский аккумуляторный завод""";Российская Федерация г.Тюмень
SUPER FB Gold SMF Euro 75 Ач прям. п. (1);14100;00007632;680А;75,0 Ач;12В;Толстые;Прямая;278 мм.;175 мм.;190 мм.;16 кг.;THE FURUKAWA BATTERY CO.,LTD;Япония г.Иокогама
SUPER FB Gold SMF Euro 45 Ач обр. п. (0);10150;00007626;450А;45,0 Ач;12В;Толстые;Обратная;205 мм.;175 мм.;175 мм.;12.3 кг.;THE FURUKAWA BATTERY CO.,LTD;Япония г.Иокогама
SUPER FB HV 51 Ач (55 D 23 L) (0);20800;00007628;420А;51,0 Ач;12В;Толстые;Обратная;219 мм.;170 мм.;225 мм.;15.9 кг.;THE FURUKAWA BATTERY CO.,LTD;Япония г.Иокогама
SUPER FB Altica PREMIUM 60 Ач (75 В 24 R) (1);14400;00007631;570А;60,0 Ач;12В;Тонкие;Прямая;234 мм.;125 мм.;225 мм.;13 кг.;THE FURUKAWA BATTERY CO.,LTD;Япония г.Иокогама
SUPER FB Altica PREMIUM 50 Ач (55 В 19 L) (0);11670;00007633;450А;50,0 Ач;12В;Тонкие;Обратная;184 мм.;125 мм.;225 мм.;9.5 кг.;THE FURUKAWA BATTERY CO.,LTD;Япония г.Иокогама
SUPER FB Altica HIGH-GRADE 50 Ач (70 B 24 R) (1);12300;00007630;520А;50,0 Ач;12В;Тонкие;Прямая;234 мм.;125 мм.;225 мм.;11.8 кг.;THE FURUKAWA BATTERY CO.,LTD;Япония г.Иокогама
SUPER FB Altica HIGH-GRADE 50 Ач (70 B 24 L) (0);12300;00007629;520А;50,0 Ач;12В;Тонкие;Обратная;234 мм.;125 мм.;225 мм.;11.8 кг.;THE FURUKAWA BATTERY CO.,LTD;Япония г.Иокогама
Varta Standart 74 Ач прям. п. (1);8610;00000699;680А;74,0 Ач;12В;Толстые;Прямая;278 мм.;175 мм.;190 мм.;18.5 кг.;"ООО ""ТУБОР""";Российская Федерация Нижегородская обл. г.Бор
Varta Standart 74 Ач обр.п. (0);8610;00000743;680А;74,0 Ач;12В;Толстые;Обратная;278 мм.;175 мм.;190 мм.;18.5 кг.;"ООО ""ТУБОР""";Российская Федерация Нижегородская обл. г.Бор
Varta Standart 60 Ач обр.п. (0);6650;00007538;520А;60,0 Ач;12В;Толстые;Обратная;242 мм.;175 мм.;190 мм.;13.8 кг.;"ООО ""ТУБОР""";Российская Федерация Нижегородская обл. г.Бор
Тюмень 100 Ач обр.п. (0);9390;00007449;830А;100,0 Ач;12В;Толстые;Обратная;345 мм.;175 мм.;213 мм.;23.6 кг.;"ОАО ""Тюменский аккумуляторный завод""";Российская Федерация г.Тюмень
SUPER FB Altica PREMIUM 85 Ач (125 D 26 L) (0);19870;00007416;800А;85,0 Ач;12В;Толстые;Обратная;255 мм.;173 мм.;225 мм.;19.7 кг.;THE FURUKAWA BATTERY CO.,LTD;Япония г.Иокогама
SUPER FB Altica PREMIUM 75 Ач (100 D 23 L) (0);16680;00007415;700А;75,0 Ач;12В;Толстые;Обратная;229 мм.;167 мм.;225 мм.;16.1 кг.;THE FURUKAWA BATTERY CO.,LTD;Япония г.Иокогама
SUPER FB Altica HIGH-GRADE 90 Ач (125 D 31 L) (0);22670;00007390;850А;90,0 Ач;12В;Толстые;Обратная;303 мм.;173 мм.;225 мм.;21.8 кг.;THE FURUKAWA BATTERY CO.,LTD;Япония г.Иокогама
SUPER FB Altica HIGH-GRADE 80 Ач (110 D 26 L) (0);17380;00007389;760А;80,0 Ач;12В;Толстые;Обратная;255 мм.;173 мм.;225 мм.;19.1 кг.;THE FURUKAWA BATTERY CO.,LTD;Япония г.Иокогама
SUPER FB Altica HIGH-GRADE 70 Ач (85 D 23 L) (0);15720;00007388;650А;70,0 Ач;12В;Толстые;Обратная;229 мм.;167 мм.;225 мм.;15.9 кг.;THE FURUKAWA BATTERY CO.,LTD;Япония г.Иокогама
Prime PTZ7S-BS  7 Ач обр. п. (0);1635;00007367;170А;7,0 Ач;12В;4F;Обратная;114 мм.;70 мм.;108 мм.;1.7 кг.;GUANGDONG TONGLI POWER TECHNOLOGY CO.,LTD;Китайская народная республика, г.Гуанчждоу
Prime PTX9-BS  9 Ач прям. п. (1);2030;00007369;200А;9,0 Ач;12В;4F;Прямая;152 мм.;87 мм.;107 мм.;2.8 кг.;GUANGDONG TONGLI POWER TECHNOLOGY CO.,LTD;Китайская народная республика, г.Гуанчждоу
Prime PTX7А-BS  7 Ач прям. п. (1);1635;00007365;170А;7,0 Ач;12В;4F;Прямая;152 мм.;87 мм.;95 мм.;2.4 кг.;GUANGDONG TONGLI POWER TECHNOLOGY CO.,LTD;Китайская народная республика, г.Гуанчждоу
Prime PTX7L-BS  7 Ач обр. п. (0);1635;00007366;170А;7,0 Ач;12В;4F;Обратная;114 мм.;71 мм.;131 мм.;2.4 кг.;GUANGDONG TONGLI POWER TECHNOLOGY CO.,LTD;Китайская народная республика, г.Гуанчждоу
Prime PTX5L-BS  5 Ач обр. п. (0);1295;00007364;150А;5,0 Ач;12В;4F;Обратная;114 мм.;69 мм.;109 мм.;1.8 кг.;GUANGDONG TONGLI POWER TECHNOLOGY CO.,LTD;Китайская народная республика, г.Гуанчждоу
Prime PTX4L-BS  4 Ач обр. п. (0);1105;00007363;110А;4,0 Ач;12В;4F;Обратная;113 мм.;70 мм.;89 мм.;1.5 кг.;GUANGDONG TONGLI POWER TECHNOLOGY CO.,LTD;Китайская народная республика, г.Гуанчждоу
Prime PT9B-BS  9 Ач прям. п. (1);2030;00007368;210А;9,0 Ач;12В;4F;Прямая;151 мм.;71 мм.;107 мм.;2.4 кг.;GUANGDONG TONGLI POWER TECHNOLOGY CO.,LTD;Китайская народная республика, г.Гуанчждоу
Русская Звезда 190 Ач (болт) прям.п. (4);12300;00007085;1150А;190,0 Ач;12В;Под болт;Прямая;518 мм.;240 мм.;242 мм.;38.8 кг.;"ООО ""ИСТОК+""";Российская Федерация г.Курск
FireBall 100 Ач обр.п. (0);7070;00007084;810А;100,0 Ач;12В;Толстые;Обратная;353 мм.;175 мм.;190 мм.;23 кг.;"ООО ""ИСТОК+""";Российская Федерация г.Курск
TUBOR STANDART 190Ач (ун.кл) прям.п. (4);18000;00006880;1150А;190,0 Ач;12В;Толстые;Прямая;513 мм.;223 мм.;218 мм.;45.5 кг.;"ООО ""ТУБОР""";Российская Федерация Нижегородская обл. г.Бор
TUBOR EFB 225 Ач обр. п. (3);25850;00006879;1300А;225,0 Ач;12В;Толстые;Обратная;518 мм.;276 мм.;242 мм.;55 кг.;"ООО ""ТУБОР""";Российская Федерация Нижегородская обл. г.Бор
VARTA BD (D47) 60 Ач (D23L) Азия обр.п. (0);8530;00001882;540А;60,0 Ач;12В;Толстые;Обратная;240 мм.;175 мм.;175 мм.;17.5 кг.;Clarios Germany GmbH& Co.KGaA;Германия г.Ганновер
АКТЕХ CLASSIC 74 Ач (низ) обр.п. (0);6820;00006287;750А;74,0 Ач;12В;Толстые;Обратная;280 мм.;175 мм.;175 мм.;17.6 кг.;"ООО ""Актех Энергия Трейд""";Российская Федерация г.Иркутск
ARCTIC 50 Ач  (B24R) прям.п (1);6900;00006286;470А;50,0 Ач;12В;Тонкие;Прямая;236 мм.;128 мм.;220 мм.;13.8 кг.;"ООО ""ТУБОР""";Российская Федерация Нижегородская обл. г.Бор
ЗВЕРЬ EFB Азия 82 Ач (D26R) (1);9190;00006280;770А;82,0 Ач;12В;Толстые;Прямая;265 мм.;173 мм.;223 мм.;23.5 кг.;"ООО ""Актех Энергия Трейд""";Российская Федерация г.Иркутск
VARTA BD 95 Ач (G3) обр.п. (0);17050;00001887;800А;95,0 Ач;12В;Толстые;Обратная;345 мм.;175 мм.;190 мм.;24 кг.;Clarios Germany GmbH& Co.KGaA;Германия г.Ганновер
VARTA BD 72 Ач низ. (E43) обр.п. (0);10080;00001884;680А;72,0 Ач;12В;Толстые;Обратная;275 мм.;175 мм.;190 мм.;18 кг.;Clarios Germany GmbH& Co.KGaA;Германия г.Ганновер
Solite MF56-28GL (AGM70L);13630;00006258;760А;70,0 Ач;12В;Толстые;Обратная;275 мм.;175 мм.;190 мм.;20.4 кг.;HYUNDAI SUNGWOO SOLITE CO.,LTD;Республика Корея г.Сеул
Solite EFB 60 Ач обр. п. (0);7980;00006257;560А;60,0 Ач;12В;Толстые;Обратная;242 мм.;174 мм.;189 мм.;14.7 кг.;HYUNDAI SUNGWOO SOLITE CO.,LTD;Республика Корея г.Сеул
RENAULT Standart  60 Ач обр.п. (0);6500;00006251;600А;60,0 Ач;12В;Толстые;Обратная;242 мм.;175 мм.;190 мм.;15.4 кг.;RENAULT s.a.s;Франция, Булонь-Бийанкур
Bosch 0092T50770 180 Ач (конус) обр.п. (3);20460;00006248;1000А;180,0 Ач;12В;Толстые;Обратная;513 мм.;223 мм.;223 мм.;45.7 кг.;Clarios Germany GmbH& Co.KGaA;Германия г.Ганновер
VARTA BD (B37)  Азия 48 Ач (В24L) обр.п. (0) толстая клемма;6980;00006253;420А;48,0 Ач;12В;Толстые;Обратная;238 мм.;129 мм.;227 мм.;12.4 кг.;Clarios Germany GmbH& Co.KGaA;Германия г.Ганновер
Bosch 0092S40290 95 а/ч R (азия) (1);13950;00001078;830А;95,0 Ач;12В;Толстые;Прямая;306 мм.;173 мм.;225 мм.;22.2 кг.;Clarios Germany GmbH& Co.KGaA;Германия г.Ганновер
Bosch 0092S40280 95 а/ч L (азия) (0);13950;00001079;830А;95,0 Ач;12В;Толстые;Обратная;306 мм.;173 мм.;225 мм.;22.2 кг.;Clarios Germany GmbH& Co.KGaA;Германия г.Ганновер
Bosch 0092S40270 70 а/ч R (азия) (1);9920;00001077;630А;70,0 Ач;12В;Толстые;Прямая;261 мм.;175 мм.;220 мм.;17.2 кг.;Clarios Germany GmbH& Co.KGaA;Германия г.Ганновер
Bosch 0092S40240 60 а/ч L (азия) (0);8840;00001072;540А;60,0 Ач;12В;Толстые;Обратная;232 мм.;173 мм.;225 мм.;16.1 кг.;Clarios Germany GmbH& Co.KGaA;Германия г.Ганновер
АКТЕХ CLASSIC 74 Ач (низ) прям.п. (1);6820;00006243;750А;74,0 Ач;12В;Толстые;Прямая;280 мм.;175 мм.;175 мм.;17.6 кг.;"ООО ""Актех Энергия Трейд""";Российская Федерация г.Иркутск
ЗВЕРЬ EFB Азия 70 Ач (D23L) (0);8150;00006242;720А;70,0 Ач;12В;Толстые;Обратная;230 мм.;175 мм.;223 мм.;19.8 кг.;"ООО ""Актех Энергия Трейд""";Российская Федерация г.Иркутск
Зверь EFB 110 Ач обр.п. (0);10840;00006041;970А;110,0 Ач;12В;Толстые;Обратная;350 мм.;175 мм.;190 мм.;26 кг.;"ООО ""Актех Энергия Трейд""";Российская Федерация г.Иркутск
ЗВЕРЬ (Ca/Ca) Азия 95Ач (D31R) (1);10150;00006040;930А;95,0 Ач;12В;Толстые;Прямая;305 мм.;175 мм.;221 мм.;24.3 кг.;"ООО ""Актех Энергия Трейд""";Российская Федерация г.Иркутск
ЗВЕРЬ (Ca/Ca) Азия 95Ач (D31L) (0);10150;00006038;930А;95,0 Ач;12В;Толстые;Обратная;305 мм.;175 мм.;221 мм.;24.3 кг.;"ООО ""Актех Энергия Трейд""";Российская Федерация г.Иркутск
SUPER FB Gold SMF Euro 75 Ач обр. п. (0);14100;00005981;680А;75,0 Ач;12В;Толстые;Обратная;278 мм.;175 мм.;190 мм.;16 кг.;THE FURUKAWA BATTERY CO.,LTD;Япония г.Иокогама
SUPER FB Gold SMF Euro 65 Ач прям. п. (1);12140;00005979;580А;65,0 Ач;12В;Толстые;Прямая;242 мм.;175 мм.;190 мм.;15 кг.;THE FURUKAWA BATTERY CO.,LTD;Япония г.Иокогама
SUPER FB Gold SMF Euro 65 Ач обр. п. (0);12140;00005980;580А;65,0 Ач;12В;Толстые;Обратная;242 мм.;175 мм.;190 мм.;15 кг.;THE FURUKAWA BATTERY CO.,LTD;Япония г.Иокогама
SUPER FB Gold SMF Euro 100 Ач обр. п. (0);17600;00005982;850А;100,0 Ач;12В;Толстые;Обратная;353 мм.;175 мм.;190 мм.;24 кг.;THE FURUKAWA BATTERY CO.,LTD;Япония г.Иокогама
SUPER FB ECHNO EN Euro 72 Ач обр. п. (0);16000;00005984;730А;72,0 Ач;12В;Толстые;Обратная;278 мм.;175 мм.;190 мм.;18 кг.;THE FURUKAWA BATTERY CO.,LTD;Япония г.Иокогама
ЗВЕРЬ (Ca/Ca) Азия 70 Ач (D23L) (0);7720;00005975;700А;70,0 Ач;12В;Толстые;Обратная;230 мм.;172 мм.;220 мм.;19.8 кг.;"ООО ""Актех Энергия Трейд""";Российская Федерация г.Иркутск
Зверь (Ca/Ca)  65 Ач обр.п. (0);7060;00005971;700А;65,0 Ач;12В;Толстые;Обратная;242 мм.;175 мм.;190 мм.;15.4 кг.;"ООО ""Актех Энергия Трейд""";Российская Федерация г.Иркутск
Зверь (Ca/Ca)  55 Ач прям.п. (1);6280;00005970;600А;55,0 Ач;12В;Толстые;Прямая;242 мм.;175 мм.;190 мм.;14.8 кг.;"ООО ""Актех Энергия Трейд""";Российская Федерация г.Иркутск
АКТЕХ CLASSIC 190 Ач (ун.кл) прям.п. (4);18450;00005974;1350А;190,0 Ач;12В;Top Post (Конус);Прямая;514 мм.;218 мм.;217 мм.;45.6 кг.;"ООО ""Актех Энергия Трейд""";Российская Федерация г.Иркутск
ЗВЕРЬ EFB Азия 95 Ач (D31R) (1);10690;00005973;1170А;95,0 Ач;12В;Толстые;Прямая;305 мм.;175 мм.;221 мм.;22.2 кг.;"ООО ""Актех Энергия Трейд""";Российская Федерация г.Иркутск
ЗВЕРЬ (Ca/Ca) Азия 82 Ач (D26L) (0);8670;00005972;980А;82,0 Ач;12В;Толстые;Обратная;260 мм.;172 мм.;220 мм.;18 кг.;"ООО ""Актех Энергия Трейд""";Российская Федерация г.Иркутск
ЗВЕРЬ EFB Азия 95 Ач (D31L) (0);10690;00005969;1170А;95,0 Ач;12В;Толстые;Обратная;305 мм.;175 мм.;221 мм.;22.2 кг.;"ООО ""Актех Энергия Трейд""";Российская Федерация г.Иркутск
ЗВЕРЬ EFB Азия 82 Ач (D26L) (0);9190;00005968;770А;82,0 Ач;12В;Толстые;Обратная;265 мм.;173 мм.;223 мм.;23.5 кг.;"ООО ""Актех Энергия Трейд""";Российская Федерация г.Иркутск
Зверь (Ca/Ca)  77 Ач прям.п. (1);7880;00005962;800А;77,0 Ач;12В;Толстые;Прямая;278 мм.;175 мм.;190 мм.;17 кг.;"ООО ""Актех Энергия Трейд""";Российская Федерация г.Иркутск
Зверь (Ca/Ca)  77 Ач обр.п. (0);7880;00005963;800А;77,0 Ач;12В;Толстые;Обратная;278 мм.;175 мм.;190 мм.;17 кг.;"ООО ""Актех Энергия Трейд""";Российская Федерация г.Иркутск
Зверь (Ca/Ca)  65 Ач прям.п. (1);7060;00005966;700А;65,0 Ач;12В;Толстые;Прямая;242 мм.;175 мм.;190 мм.;15 кг.;"ООО ""Актех Энергия Трейд""";Российская Федерация г.Иркутск
Зверь (Ca/Ca)  100 Ач прям.п. (1);9960;00005964;940А;100,0 Ач;12В;Толстые;Прямая;353 мм.;175 мм.;190 мм.;23.4 кг.;"ООО ""Актех Энергия Трейд""";Российская Федерация г.Иркутск
Зверь (Ca/Ca)  100 Ач обр.п. (0);9960;00005965;940А;100,0 Ач;12В;Толстые;Обратная;353 мм.;175 мм.;190 мм.;23.4 кг.;"ООО ""Актех Энергия Трейд""";Российская Федерация г.Иркутск
АКТЕХ EFB 77 Ач прям.п. (1);7590;00005961;770А;77,0 Ач;12В;Толстые;Прямая;276 мм.;175 мм.;1901 мм.;17.7 кг.;"ООО ""Актех Энергия Трейд""";Российская Федерация г.Иркутск
АКТЕХ CLASSIC 100 Ач прям.п. (1);8530;00005960;900А;100,0 Ач;12В;Толстые;Прямая;353 мм.;175 мм.;190 мм.;23.2 кг.;"ООО ""Актех Энергия Трейд""";Российская Федерация г.Иркутск
ARCTIC 50 Ач  (B24L) обр.п. (0);6900;00005959;470А;50,0 Ач;12В;Тонкие;Обратная;236 мм.;128 мм.;220 мм.;13.8 кг.;"ООО ""ТУБОР""";Российская Федерация Нижегородская обл. г.Бор
Solite 60038 100 Ач обр. п. (0);10140;00005956;800А;100,0 Ач;12В;Толстые;Обратная;353 мм.;175 мм.;190 мм.;22.5 кг.;HYUNDAI SUNGWOO SOLITE CO.,LTD;Республика Корея г.Сеул
Solite 57413 74 Ач прям.п. (1);8100;00005955;690А;74,0 Ач;12В;Толстые;Прямая;275 мм.;175 мм.;190 мм.;17.6 кг.;HYUNDAI SUNGWOO SOLITE CO.,LTD;Республика Корея г.Сеул
Solite 57412 74 Ач обр. п. (0);8100;00005954;690А;74,0 Ач;12В;Толстые;Обратная;275 мм.;175 мм.;190 мм.;17.6 кг.;HYUNDAI SUNGWOO SOLITE CO.,LTD;Республика Корея г.Сеул
Solite 57113 71 Ач (низ) обр. п. (0);7250;00005951;670А;71,0 Ач;12В;Толстые;Обратная;275 мм.;175 мм.;175 мм.;16.6 кг.;HYUNDAI SUNGWOO SOLITE CO.,LTD;Республика Корея г.Сеул
Solite 56220 62 Ач прям.п. (1);6990;00005953;600А;62,0 Ач;12В;Толстые;Прямая;240 мм.;175 мм.;190 мм.;14.5 кг.;HYUNDAI SUNGWOO SOLITE CO.,LTD;Республика Корея г.Сеул
Solite 56219 62 Ач обр. п. (0);6990;00005952;600А;62,0 Ач;12В;Толстые;Обратная;240 мм.;175 мм.;190 мм.;14.5 кг.;HYUNDAI SUNGWOO SOLITE CO.,LTD;Республика Корея г.Сеул
Зверь EFB 77 Ач прям.п. (1);8350;00005944;820А;77,0 Ач;12В;Толстые;Прямая;278 мм.;175 мм.;190 мм.;18.5 кг.;"ООО ""Актех Энергия Трейд""";Российская Федерация г.Иркутск
Зверь EFB 77 Ач обр.п. (0);8350;00005945;820А;77,0 Ач;12В;Толстые;Обратная;278 мм.;175 мм.;190 мм.;18.5 кг.;"ООО ""Актех Энергия Трейд""";Российская Федерация г.Иркутск
Зверь EFB 60 Ач прям.п. (1);7040;00005942;670А;60,0 Ач;12В;Толстые;Прямая;242 мм.;175 мм.;190 мм.;15.4 кг.;"ООО ""Актех Энергия Трейд""";Российская Федерация г.Иркутск
Зверь EFB 60 Ач обр.п. (0);7040;00005943;670А;60,0 Ач;12В;Толстые;Обратная;242 мм.;175 мм.;190 мм.;15.4 кг.;"ООО ""Актех Энергия Трейд""";Российская Федерация г.Иркутск
Зверь EFB 100 Ач обр.п. (0);10490;00005946;960А;100,0 Ач;12В;Толстые;Обратная;350 мм.;175 мм.;190 мм.;24 кг.;"ООО ""Актех Энергия Трейд""";Российская Федерация г.Иркутск
АКТЕХ EFB 77 Ач обр.п. (0);7590;00005949;770А;77,0 Ач;12В;Толстые;Обратная;276 мм.;175 мм.;190 мм.;17.7 кг.;"ООО ""Актех Энергия Трейд""";Российская Федерация г.Иркутск
АКТЕХ EFB 60 Ач прям.п. (1);6110;00005947;620А;60,0 Ач;12В;Толстые;Прямая;242 мм.;175 мм.;190 мм.;15 кг.;"ООО ""Актех Энергия Трейд""";Российская Федерация г.Иркутск
АКТЕХ EFB 60 Ач обр.п. (0);6110;00005948;620А;60,0 Ач;12В;Толстые;Обратная;242 мм.;175 мм.;190 мм.;15 кг.;"ООО ""Актех Энергия Трейд""";Российская Федерация г.Иркутск
Forse EFB 74 Ач прям.п.(1);9080;00005950;710А;74,0 Ач;12В;Толстые;Прямая;276 мм.;175 мм.;190 мм.;19.2 кг.;"ООО ""ИСТОК+""";Российская Федерация г.Курск
WPR 74 Ач (низ) обр.п. (0);5590;00005939;760А;74,0 Ач;12В;Толстые;Обратная;275 мм.;175 мм.;175 мм.;17.2 кг.;"ООО ""ИСТОК+""";Российская Федерация г.Курск
WPR 65 Ач  обр.п. (0);4720;00005936;660А;65,0 Ач;12В;Толстые;Обратная;242 мм.;175 мм.;190 мм.;16 кг.;"ООО ""ИСТОК+""";Российская Федерация г.Курск
WPR 55 Ач прям.п. (1);4030;00005933;550А;55,0 Ач;12В;Толстые;Прямая;242 мм.;175 мм.;190 мм.;14.6 кг.;"ООО ""ИСТОК+""";Российская Федерация г.Курск
WPR 100 Ач прям.п. (1);7350;00005941;910А;100,0 Ач;12В;Толстые;Прямая;353 мм.;175 мм.;190 мм.;23.1 кг.;"ООО ""ИСТОК+""";Российская Федерация г.Курск
Numax Silver Euro 61044 110 Ач обр. п. (0);10430;00005929;850А;110,0 Ач;12В;Толстые;Обратная;388 мм.;175 мм.;195 мм.;23.1 кг.;BOST HOLDINGS-DTR CORP;Республика Корея г.Сеул
Numax Silver Euro 58539 85 Ач (низ) обр. п. (0);9750;00005931;750А;85,0 Ач;12В;Толстые;Обратная;315 мм.;175 мм.;175 мм.;18.9 кг.;BOST HOLDINGS-DTR CORP;Республика Корея г.Сеул
Numax Silver Euro 57539 75 Ач (низ) обр. п. (0);7890;00005930;670А;75,0 Ач;12В;Толстые;Обратная;275 мм.;175 мм.;175 мм.;16.9 кг.;BOST HOLDINGS-DTR CORP;Республика Корея г.Сеул
Numax Silver Euro 56377 63 Ач (низ) обр. п. (0);7290;00005932;640А;63,0 Ач;12В;Толстые;Обратная;240 мм.;175 мм.;175 мм.;14.6 кг.;BOST HOLDINGS-DTR CORP;Республика Корея г.Сеул
Зверь (Ca/Ca)  60 Ач прям.п. (1);6390;00005920;650А;60,0 Ач;12В;Толстые;Прямая;242 мм.;175 мм.;190 мм.;15.4 кг.;"ООО ""Актех Энергия Трейд""";Российская Федерация г.Иркутск
Зверь (Ca/Ca)  60 Ач обр.п. (0);6640;00005927;650А;60,0 Ач;12В;Толстые;Обратная;242 мм.;175 мм.;190 мм.;15.4 кг.;"ООО ""Актех Энергия Трейд""";Российская Федерация г.Иркутск
TAB AGM Stop&Go 95 Ач обр. п. (0);20670;00005919;850А;95,0 Ач;12В;Толстые;Обратная;353 мм.;175 мм.;190 мм.;26.2 кг.;TAB d.d.;Республика Словения г.Межица
TAB AGM Stop&Go 80 Ач обр. п. (0);18130;00005918;800А;80,0 Ач;12В;Толстые;Обратная;315 мм.;175 мм.;190 мм.;23.3 кг.;TAB d.d.;Республика Словения г.Межица
TAB AGM Stop&Go 70 Ач обр. п. (0);15950;00005917;760А;70,0 Ач;12В;Толстые;Обратная;278 мм.;175 мм.;190 мм.;20.9 кг.;TAB d.d.;Республика Словения г.Межица
TAB AGM Stop&Go 60 Ач обр. п. (0);14500;00005916;680А;60,0 Ач;12В;Толстые;Обратная;242 мм.;175 мм.;190 мм.;17.9 кг.;TAB d.d.;Республика Словения г.Межица
TAB AGM Stop&Go 105 Ач обр. п. (0);18850;00005915;950А;105,0 Ач;12В;Толстые;Обратная;390 мм.;175 мм.;190 мм.;29.3 кг.;TAB d.d.;Республика Словения г.Межица
ISKRA ENERGY 74 Ач обр. п. (0);5660;00005913;680А;74,0 Ач;12В;Толстые;Обратная;278 мм.;175 мм.;190 мм.;17 кг.;Clarios Germany GmbH& Co.KGaA;Германия г.Ганновер
ISKRA ENERGY 60 Ач  прям. п. (1);4780;00005911;540А;60,0 Ач;12В;Толстые;Прямая;242 мм.;175 мм.;190 мм.;14.2 кг.;Clarios Germany GmbH& Co.KGaA;Германия г.Ганновер
ISKRA ENERGY 60 Ач  обр. п. (0);4780;00005910;540А;60,0 Ач;12В;Толстые;Обратная;242 мм.;175 мм.;190 мм.;14.2 кг.;Clarios Germany GmbH& Co.KGaA;Германия г.Ганновер
ISKRA ENERGY 110 Ач  обр. п. (0);8580;00005909;920А;110,0 Ач;12В;Толстые;Обратная;394 мм.;175 мм.;190 мм.;24.5 кг.;Clarios Germany GmbH& Co.KGaA;Германия г.Ганновер
Bosch 0092S40260 70 а/ч L (азия)(0);9920;00001080;630А;70,0 Ач;12В;Толстые;Обратная;261 мм.;175 мм.;220 мм.;17.2 кг.;Clarios Germany GmbH& Co.KGaA;Германия г.Ганновер
DELTA CT 12025 2,5 Ач;1270;00001866;30А;2,5 Ач;12В;4F;Обратная;113 мм.;38 мм.;87 мм.;0.9 кг.;FUJIAN MINHUA POWER SOURCE CO.,LTD;Китайская народная республика, г.Фуджиан
DELTA CT 1214 14 Ач;3940;00001863;200А;14,0 Ач;12В;4F;Прямая;150 мм.;87 мм.;148 мм.;5 кг.;FUJIAN MINHUA POWER SOURCE CO.,LTD;Китайская народная республика, г.Фуджиан
DELTA CT 1212.2 14 Ач;3500;00001862;200А;14,0 Ач;12В;4F;Прямая;152 мм.;70 мм.;150 мм.;3 кг.;FUJIAN MINHUA POWER SOURCE CO.,LTD;Китайская народная республика, г.Фуджиан
DELTA CT 1212.1 12 Ач;3300;00001861;180А;12,0 Ач;12В;4F;Прямая;150 мм.;70 мм.;135 мм.;3 кг.;FUJIAN MINHUA POWER SOURCE CO.,LTD;Китайская народная республика, г.Фуджиан
DELTA CT 1212 12 Ач;3000;00001860;180А;12,0 Ач;12В;4F;Прямая;150 мм.;87 мм.;130 мм.;3 кг.;FUJIAN MINHUA POWER SOURCE CO.,LTD;Китайская народная республика, г.Фуджиан
DELTA CT 1208 8 Ач;2140;00001855;85А;8,0 Ач;12В;4F;Прямая;150 мм.;87 мм.;107 мм.;3.4 кг.;FUJIAN MINHUA POWER SOURCE CO.,LTD;Китайская народная республика, г.Фуджиан
DELTA CT 1216.1 16 Ач;5390;00005843;230А;16,0 Ач;12В;4F;Прямая;151 мм.;88 мм.;164 мм.;5.25 кг.;FUJIAN MINHUA POWER SOURCE CO.,LTD;Китайская народная республика, г.Фуджиан
DELTA CT 1209.1 9 Ач;2770;00005842;115А;9,0 Ач;12В;4F;Прямая;151 мм.;71 мм.;107 мм.;2.65 кг.;FUJIAN MINHUA POWER SOURCE CO.,LTD;Китайская народная республика, г.Фуджиан
DELTA CT 1205.1 5 Ач;1970;00005841;65А;5,0 Ач;12В;4F;Обратная;120 мм.;61 мм.;129 мм.;1.94 кг.;FUJIAN MINHUA POWER SOURCE CO.,LTD;Китайская народная республика, г.Фуджиан
DELTA CT 1216 16 Ач;6080;00001864;200А;16,0 Ач;12В;4F;Обратная;205 мм.;70 мм.;162 мм.;6 кг.;FUJIAN MINHUA POWER SOURCE CO.,LTD;Китайская народная республика, г.Фуджиан
DELTA CT 1210.1 10 Ач;3040;00001858;90А;10,0 Ач;12В;4F;Прямая;150 мм.;87 мм.;93 мм.;3 кг.;FUJIAN MINHUA POWER SOURCE CO.,LTD;Китайская народная республика, г.Фуджиан
DELTA CT 1205 5 Ач;1710;00001852;80А;5,0 Ач;12В;4F;Обратная;114 мм.;69 мм.;109 мм.;1.92 кг.;FUJIAN MINHUA POWER SOURCE CO.,LTD;Китайская народная республика, г.Фуджиан
Black Horse 190 Ач (конус) прям.п.(4);12220;00005822;1250А;190,0 Ач;12В;Толстые;Прямая;513 мм.;223 мм.;223 мм.;41.4 кг.;BLACK HORSE -FAS DOO BEOGRAD;Сербия г.Белград
Зверь 140 Ач обр.п. (3);12400;00005820;900А;140,0 Ач;12В;Толстые;Обратная;514 мм.;175 мм.;210 мм.;41 кг.;"ООО ""Актех Энергия Трейд""";Российская Федерация г.Иркутск
ARCTIC 80 Ач  (D26R) прям.п. (1);9550;00005806;730А;80,0 Ач;12В;Толстые;Прямая;260 мм.;168 мм.;220 мм.;18.6 кг.;"ООО ""ТУБОР""";Российская Федерация Нижегородская обл. г.Бор
Solite EFB N55 50 Ач (B 24R) (1);6670;00005805;440А;50,0 Ач;12В;Тонкие;Прямая;236 мм.;128 мм.;220 мм.;13.8 кг.;HYUNDAI SUNGWOO SOLITE CO.,LTD;Республика Корея г.Сеул
Solite EFB N55 50 Ач (B 24L) (0);6670;00005804;440А;50,0 Ач;12В;Тонкие;Обратная;236 мм.;128 мм.;220 мм.;13.8 кг.;HYUNDAI SUNGWOO SOLITE CO.,LTD;Республика Корея г.Сеул
Numax Silver EFB 85 Ач (D 31R) T110R (1);13490;00005798;830А;85,0 Ач;12В;Толстые;Прямая;310 мм.;172 мм.;220 мм.;22.5 кг.;BOST HOLDINGS-DTR CORP;Республика Корея г.Сеул
Numax Silver EFB 85 Ач (D 31L) T110L (0);13490;00005797;830А;85,0 Ач;12В;Толстые;Обратная;310 мм.;172 мм.;220 мм.;22.5 кг.;BOST HOLDINGS-DTR CORP;Республика Корея г.Сеул
Numax Silver EFB 75 Ач (D 26L) S95L (0);11820;00005796;760А;75,0 Ач;12В;Толстые;Обратная;260 мм.;168 мм.;220 мм.;19.7 кг.;BOST HOLDINGS-DTR CORP;Республика Корея г.Сеул
Numax Silver EFB 70 Ач (D 23L) Q85L (0);10640;00005795;700А;70,0 Ач;12В;Толстые;Обратная;230 мм.;168 мм.;220 мм.;17.5 кг.;BOST HOLDINGS-DTR CORP;Республика Корея г.Сеул
Numax Silver EFB 50 Ач (B 24R) N55R (1);8000;00005794;490А;50,0 Ач;12В;Тонкие;Прямая;236 мм.;128 мм.;220 мм.;13.6 кг.;BOST HOLDINGS-DTR CORP;Республика Корея г.Сеул
Numax Silver EFB 50 Ач (B 24L) N55L (0);8000;00005793;490А;50,0 Ач;12В;Тонкие;Обратная;236 мм.;128 мм.;220 мм.;13.6 кг.;BOST HOLDINGS-DTR CORP;Республика Корея г.Сеул
Numax 135 Ач (150 F 51L) (0);15500;00005799;930А;135,0 Ач;12В;Толстые;Обратная;505 мм.;180 мм.;240 мм.;34 кг.;BOST HOLDINGS-DTR CORP;Республика Корея г.Сеул
TITAN ARCTIC 62 Aч прям. п. (1);7300;00005770;660А;62,0 Ач;12В;Толстые;Прямая;242 мм.;175 мм.;190 мм.;16.5 кг.;"ООО ""ТУБОР""";Российская Федерация Нижегородская обл. г.Бор
TUBOR EFB 80 Ач (D 26L) обр.п. (0);10100;00005772;710А;80,0 Ач;12В;Толстые;Обратная;255 мм.;170 мм.;220 мм.;18.7 кг.;"ООО ""ТУБОР""";Российская Федерация Нижегородская обл. г.Бор
ARCTIC 95 Ач  (D31R) прям.п. (1);11500;00005769;910А;95,0 Ач;12В;Толстые;Прямая;310 мм.;172 мм.;220 мм.;23 кг.;"ООО ""ТУБОР""";Российская Федерация Нижегородская обл. г.Бор
ARCTIC 95 Ач  (D31L) обр.п. (0);11500;00005768;910А;95,0 Ач;12В;Толстые;Обратная;310 мм.;172 мм.;220 мм.;23 кг.;"ООО ""ТУБОР""";Российская Федерация Нижегородская обл. г.Бор
ARCTIC 80 Ач  (D26L) обр.п. (0);9550;00005767;730А;80,0 Ач;12В;Толстые;Обратная;260 мм.;168 мм.;220 мм.;18.6 кг.;"ООО ""ТУБОР""";Российская Федерация Нижегородская обл. г.Бор
ARCTIC 65 Ач  (D23L) обр.п. (0);8150;00005766;630А;65,0 Ач;12В;Толстые;Обратная;230 мм.;168 мм.;220 мм.;16.5 кг.;"ООО ""ТУБОР""";Российская Федерация Нижегородская обл. г.Бор
АКТЕХ 140 Ач прям.п. (4);15340;00000251;900А;140,0 Ач;12В;Толстые;Прямая;514 мм.;175 мм.;210 мм.;40 кг.;"ООО ""Актех Энергия Трейд""";Российская Федерация г.Иркутск
TAB Polar 73 Ач (низ) обр.п. (0);7200;00005750;630А;73,0 Ач;12В;Толстые;Обратная;278 мм.;175 мм.;190 мм.;16.2 кг.;TAB d.d.;Республика Словения г.Межица
TAB Polar 60 Ач прям.п. (1);6240;00005751;600А;60,0 Ач;12В;Толстые;Прямая;242 мм.;175 мм.;190 мм.;14.5 кг.;TAB d.d.;Республика Словения г.Межица
TAB Polar 110 Ач обр.п. (0);12390;00005749;1000А;110,0 Ач;12В;Толстые;Обратная;390 мм.;175 мм.;190 мм.;25 кг.;TAB d.d.;Республика Словения г.Межица
АКТЕХ CLASSIC  90 Ач (D 31 L) обр. п. (0);8840;00005746;780А;90,0 Ач;12В;Толстые;Обратная;306 мм.;173 мм.;202 мм.;21 кг.;"ООО ""Актех Энергия Трейд""";Российская Федерация г.Иркутск
АКТЕХ CLASSIC  70 Ач (D 26 R) прям. п. (1);7210;00005745;580А;70,0 Ач;12В;Толстые;Прямая;265 мм.;173 мм.;202 мм.;17.87 кг.;"ООО ""Актех Энергия Трейд""";Российская Федерация г.Иркутск
АКТЕХ CLASSIC  70 Ач (D 26 L) обр. п. (0);7210;00005744;580А;70,0 Ач;12В;Толстые;Обратная;265 мм.;173 мм.;202 мм.;17.8 кг.;"ООО ""Актех Энергия Трейд""";Российская Федерация г.Иркутск
АКТЕХ CLASSIC  50Ач (В 24 R) прям. п. (1);5430;00005743;470А;50,0 Ач;12В;Тонкие;Прямая;238 мм.;129 мм.;223 мм.;13 кг.;"ООО ""Актех Энергия Трейд""";Российская Федерация г.Иркутск
АКТЕХ CLASSIC  50Ач (В 24 L) обр. п. (0);5430;00005742;470А;50,0 Ач;12В;Тонкие;Обратная;238 мм.;129 мм.;223 мм.;13 кг.;"ООО ""Актех Энергия Трейд""";Российская Федерация г.Иркутск
Spark 90 Ач обр.п. (0);7350;00005733;750А;90,0 Ач;12В;Толстые;Обратная;376 мм.;75 мм.;190 мм.;25 кг.;"ООО ""Актех Энергия Трейд""";Российская Федерация г.Иркутск
АКТЕХ CLASSIC  90 Ач (D 31 R) прям. п. (1);8840;00005735;780А;90,0 Ач;12В;Толстые;Прямая;306 мм.;173 мм.;202 мм.;21 кг.;"ООО ""Актех Энергия Трейд""";Российская Федерация г.Иркутск
АКТЕХ CLASSIC  65 Ач (D 23 L) обр. п. (0);6190;00005734;550А;65,0 Ач;12В;Толстые;Обратная;232 мм.;173 мм.;202 мм.;15.2 кг.;"ООО ""Актех Энергия Трейд""";Российская Федерация г.Иркутск
TESLA PREMIUM ENERGY 80 Ач прям. п. (1);6890;00005724;770А;80,0 Ач;12В;Толстые;Прямая;278 мм.;175 мм.;190 мм.;17.2 кг.;BLACK HORSE -FAS DOO BEOGRAD;Сербия г.Белград
TESLA PREMIUM ENERGY 75 Ач прям. п. (1);6460;00005721;720А;75,0 Ач;12В;Толстые;Прямая;278 мм.;175 мм.;190 мм.;16.5 кг.;BLACK HORSE -FAS DOO BEOGRAD;Сербия г.Белград
TESLA PREMIUM ENERGY 75 Ач (низ) обр. п. (0);6460;00005720;720А;75,0 Ач;12В;Толстые;Обратная;278 мм.;175 мм.;175 мм.;16.8 кг.;BLACK HORSE -FAS DOO BEOGRAD;Сербия г.Белград
TESLA PREMIUM ENERGY 60 Ач прям. п. (1);5540;00005718;620А;60,0 Ач;12В;Толстые;Прямая;242 мм.;175 мм.;190 мм.;14.4 кг.;BLACK HORSE -FAS DOO BEOGRAD;Сербия г.Белград
TESLA PREMIUM ENERGY 60 Ач обр. п. (0);5540;00005716;620А;60,0 Ач;12В;Толстые;Обратная;242 мм.;175 мм.;190 мм.;14.4 кг.;BLACK HORSE -FAS DOO BEOGRAD;Сербия г.Белград
TESLA PREMIUM ENERGY 60 Ач (низ) обр. п. (0);5540;00005717;620А;60,0 Ач;12В;Толстые;Обратная;242 мм.;175 мм.;175 мм.;14.4 кг.;BLACK HORSE -FAS DOO BEOGRAD;Сербия г.Белград
TESLA PREMIUM ENERGY 55 Ач прям. п. (1);4810;00005715;540А;55,0 Ач;12В;Толстые;Прямая;242 мм.;175 мм.;190 мм.;13.4 кг.;BLACK HORSE -FAS DOO BEOGRAD;Сербия г.Белград
TESLA PREMIUM ENERGY 110 Ач прям. п. (1);9160;00005713;970А;110,0 Ач;12В;Толстые;Прямая;353 мм.;175 мм.;190 мм.;22.4 кг.;BLACK HORSE -FAS DOO BEOGRAD;Сербия г.Белград
TESLA PREMIUM ENERGY 100 Ач прям. п. (1);8640;00005711;900А;100,0 Ач;12В;Толстые;Прямая;353 мм.;175 мм.;190 мм.;22 кг.;BLACK HORSE -FAS DOO BEOGRAD;Сербия г.Белград
TESLA PREMIUM ENERGY 100 Ач обр. п. (0);8640;00005709;900А;100,0 Ач;12В;Толстые;Обратная;353 мм.;175 мм.;190 мм.;22 кг.;BLACK HORSE -FAS DOO BEOGRAD;Сербия г.Белград
АКТЕХ CLASSIC 62 Ач (низ) прям.п. (1);4960;00005708;620А;62,0 Ач;12В;Толстые;Прямая;242 мм.;175 мм.;175 мм.;15.2 кг.;"ООО ""Актех Энергия Трейд""";Российская Федерация г.Иркутск
Зверь 190 Ач обр.п. (3);17050;00005705;1400А;190,0 Ач;12В;Толстые;Обратная;514 мм.;218 мм.;217 мм.;55 кг.;"ООО ""Актех Энергия Трейд""";Российская Федерация г.Иркутск
ZEUS EFB 75 Ач обр.п. (0);5250;00005701;720А;75,0 Ач;12В;Толстые;Обратная;279 мм.;177 мм.;190 мм.;18.6 кг.;"АО ""АКОМ""";Российская Федерация г. Жигулевск
ZEUS EFB 60 Ач прям.п. (1);4500;00005698;560А;60,0 Ач;12В;Толстые;Прямая;245 мм.;177 мм.;190 мм.;15 кг.;"АО ""АКОМ""";Российская Федерация г. Жигулевск
SUPER FB UltraBattery EFB Q85 70 Ач (D23 L) (0);16000;00005689;580А;70,0 Ач;12В;Толстые;Обратная;229 мм.;167 мм.;225 мм.;17.2 кг.;THE FURUKAWA BATTERY CO.,LTD;Япония г.Иокогама
DELTA CT 1204 4 Ач;1400;00001851;50А;4,0 Ач;12В;4F;Обратная;113 мм.;70 мм.;89 мм.;1.53 кг.;SHENG CHANG TECH CO.,LTD;Вьетнам г. Бен Кат
Tungstone EFB 65 Ач прям.п. (1);4880;00005653;650А;65,0 Ач;12В;Толстые;Прямая;242 мм.;175 мм.;190 мм.;15.6 кг.;"ООО Рязанский аккумуляторный завод ""Тангстоун""";Российская Федерация г.Рязань
Tungstone EFB 210 Ач прям.п. (4);12160;00005660;1450А;210,0 Ач;12В;Толстые;Прямая;513 мм.;223 мм.;190 мм.;42.6 кг.;"ООО Рязанский аккумуляторный завод ""Тангстоун""";Российская Федерация г.Рязань
TITAN ARCTIC 55 Aч прям. п. (1);6900;00005647;550А;55,0 Ач;12В;Толстые;Прямая;242 мм.;175 мм.;190 мм.;15.4 кг.;"ООО ""ТУБОР""";Российская Федерация Нижегородская обл. г.Бор
TITAN ARCTIC 100 Aч прям. п. (1);11550;00005646;950А;100,0 Ач;12В;Толстые;Прямая;353 мм.;175 мм.;190 мм.;26.5 кг.;"ООО ""ТУБОР""";Российская Федерация Нижегородская обл. г.Бор
DELTA CT 12201 20Ач;4960;00001868;180А;18,0 Ач;12В;4F;Обратная;180 мм.;87 мм.;153 мм.;5.73 кг.;FUJIAN MINHUA POWER SOURCE CO.,LTD;Китайская народная республика, г.Фуджиан
DELTA CT 1211 11  Ач;3570;00001859;135А;11,0 Ач;12В;4F;Прямая;150 мм.;87 мм.;110 мм.;3 кг.;FUJIAN MINHUA POWER SOURCE CO.,LTD;Китайская народная республика, г.Фуджиан
DELTA CT 1210 10 Ач;2370;00001857;100А;10,0 Ач;12В;4F;Прямая;137 мм.;77 мм.;138 мм.;3 кг.;FUJIAN MINHUA POWER SOURCE CO.,LTD;Китайская народная республика, г.Фуджиан
DELTA CT 1209 9 Ач;2550;00001856;135А;9,0 Ач;12В;4F;Прямая;152 мм.;87 мм.;107 мм.;3 кг.;FUJIAN MINHUA POWER SOURCE CO.,LTD;Китайская народная республика, г.Фуджиан
DELTA CT 1207 7 Ач;1930;00001853;105А;7,0 Ач;12В;4F;Прямая;152 мм.;87 мм.;95 мм.;2.6 кг.;FUJIAN MINHUA POWER SOURCE CO.,LTD;Китайская народная республика, г.Фуджиан
Spark ECO 190 Ач (болт) прям.п. (4);13050;00005637;1250А;190,0 Ач;12В;Под болт;Прямая;513 мм.;215 мм.;210 мм.;38.4 кг.;"ООО ""Актех Энергия Трейд""";Российская Федерация г.Иркутск
BARS Asia 65 Ач (75 D 23 L) (0);5590;00005444;600А;65,0 Ач;12В;Толстые;Обратная;230 мм.;170 мм.;220 мм.;15.5 кг.;"ТОО ""Кайнар АКБ""";Республика Казахстан г.Талдыкорган
АКТЕХ CLASSIC 90 Ач прям.п. (1);9150;00005401;850А;90,0 Ач;12В;Толстые;Прямая;352 мм.;175 мм.;190 мм.;23.5 кг.;"ООО ""Актех Энергия Трейд""";Российская Федерация г.Иркутск
АКТЕХ CLASSIC 77 Ач прям.п. (1);7290;00005399;750А;77,0 Ач;12В;Толстые;Прямая;275 мм.;175 мм.;190 мм.;19 кг.;"ООО ""Актех Энергия Трейд""";Российская Федерация г.Иркутск
АКТЕХ CLASSIC 77 Ач обр.п. (0);7290;00005400;750А;77,0 Ач;12В;Толстые;Обратная;275 мм.;175 мм.;190 мм.;19 кг.;"ООО ""Актех Энергия Трейд""";Российская Федерация г.Иркутск
АКТЕХ CLASSIC 64 Ач прям.п. (1);6090;00005398;640А;64,0 Ач;12В;Толстые;Прямая;242 мм.;175 мм.;190 мм.;16.8 кг.;"ООО ""Актех Энергия Трейд""";Российская Федерация г.Иркутск
АКТЕХ CLASSIC 64 Ач обр.п. (0);6090;00005403;640А;64,0 Ач;12В;Толстые;Обратная;242 мм.;175 мм.;190 мм.;16.8 кг.;"ООО ""Актех Энергия Трейд""";Российская Федерация г.Иркутск
АКТЕХ CLASSIC 60 Ач прям.п. (1);5430;00005404;600А;60,0 Ач;12В;Толстые;Прямая;242 мм.;175 мм.;190 мм.;15.8 кг.;"ООО ""Актех Энергия Трейд""";Российская Федерация г.Иркутск
АКТЕХ CLASSIC 55 Ач прям.п. (1);5350;00005396;550А;55,0 Ач;12В;Толстые;Прямая;242 мм.;175 мм.;190 мм.;15 кг.;"ООО ""Актех Энергия Трейд""";Российская Федерация г.Иркутск
АКТЕХ CLASSIC 110 Ач обр.п. (0);10230;00005402;950А;110,0 Ач;12В;Толстые;Обратная;352 мм.;175 мм.;190 мм.;25.2 кг.;"ООО ""Актех Энергия Трейд""";Российская Федерация г.Иркутск
TUBOR SYNERGY 75 Ач прям. п. (1);8250;00005365;720А;75,0 Ач;12В;Толстые;Прямая;278 мм.;175 мм.;190 мм.;19 кг.;"ООО ""ТУБОР""";Российская Федерация Нижегородская обл. г.Бор
TITAN ARCTIC 75 Aч прям. п. (1);8750;00005364;750А;75,0 Ач;12В;Толстые;Прямая;278 мм.;175 мм.;190 мм.;19 кг.;"ООО ""ТУБОР""";Российская Федерация Нижегородская обл. г.Бор
TITAN ARCTIC 60 Aч обр. п. (0);7000;00005363;640А;60,0 Ач;12В;Толстые;Обратная;242 мм.;175 мм.;190 мм.;16.3 кг.;"ООО ""ТУБОР""";Российская Федерация Нижегородская обл. г.Бор
KAINAR 75 Ач (низ) обр.п. (0);5300;00005352;690А;75,0 Ач;12В;Толстые;Обратная;275 мм.;175 мм.;175 мм.;17.8 кг.;"ТОО ""Кайнар АКБ""";Республика Казахстан г.Талдыкорган
KAINAR 60 Ач прям.п. (1);4140;00005350;550А;60,0 Ач;12В;Толстые;Прямая;240 мм.;175 мм.;195 мм.;14.8 кг.;"ТОО ""Кайнар АКБ""";Республика Казахстан г.Талдыкорган
KAINAR 60 Ач (низ) обр.п. (0);4140;00005351;550А;60,0 Ач;12В;Толстые;Обратная;240 мм.;175 мм.;175 мм.;15 кг.;"ТОО ""Кайнар АКБ""";Республика Казахстан г.Талдыкорган
KAINAR 55 Ач прям.п. (1);4000;00005349;510А;55,0 Ач;12В;Толстые;Прямая;240 мм.;175 мм.;195 мм.;14.8 кг.;"ТОО ""Кайнар АКБ""";Республика Казахстан г.Талдыкорган
KAINAR 100 Ач обр.п. (0);6820;00005354;850А;100,0 Ач;12В;Толстые;Обратная;320 мм.;175 мм.;210 мм.;23.8 кг.;"ТОО ""Кайнар АКБ""";Республика Казахстан г.Талдыкорган
GLOBATT EFB 95 Ач (D 31R) T110R (1);8300;00005347;820А;95,0 Ач;12В;Толстые;Обратная;310 мм.;170 мм.;220 мм.;24.2 кг.;RAHIMAFROOZ GLOBAATT LTD;Бангладеш г. Пабна
GLOBATT EFB 55 Ач (B 24R) N55R (1);5350;00005343;480А;55,0 Ач;12В;Тонкие;Прямая;240 мм.;128 мм.;220 мм.;14.4 кг.;RAHIMAFROOZ GLOBAATT LTD;Бангладеш г. Пабна
Solite EFB Q85 60 Ач (D 23L) (0);7980;00005334;560А;70,0 Ач;12В;Толстые;Обратная;230 мм.;165 мм.;200 мм.;16.4 кг.;HYUNDAI SUNGWOO SOLITE CO.,LTD;Республика Корея г.Сеул
TUBOR Truck 225 Ач обр. п. (3);25700;00005299;1300А;225,0 Ач;12В;Толстые;Обратная;515 мм.;271 мм.;212 мм.;53.4 кг.;"ООО ""ТУБОР""";Российская Федерация Нижегородская обл. г.Бор
TAB Polar 60 Ач обр.п. (0);6240;00005295;600А;60,0 Ач;12В;Толстые;Обратная;242 мм.;175 мм.;190 мм.;14.5 кг.;TAB d.d.;Республика Словения г.Межица
TAB Polar 100 Ач обр.п. (0);10880;00005294;900А;100,0 Ач;12В;Толстые;Обратная;353 мм.;175 мм.;190 мм.;22.6 кг.;TAB d.d.;Республика Словения г.Межица
MUTLU SFB M3 78 Ач обр.п. (0);9170;00005291;830А;78,0 Ач;12В;Толстые;Обратная;275 мм.;174 мм.;192 мм.;18.8 кг.;MUTLU AKU VE MALZEMELERI SANAYII A.S.;Турецкая Республика г. Анкара
MUTLU SFB M3 78 Ач (низ) обр.п. (0);9170;00005292;830А;78,0 Ач;12В;Толстые;Обратная;275 мм.;174 мм.;173 мм.;17.6 кг.;MUTLU AKU VE MALZEMELERI SANAYII A.S.;Турецкая Республика г. Анкара
MUTLU SFB M3 63 Ач (низ) обр.п. (0);7000;00005290;640А;63,0 Ач;12В;Толстые;Обратная;240 мм.;175 мм.;175 мм.;16.3 кг.;MUTLU AKU VE MALZEMELERI SANAYII A.S.;Турецкая Республика г. Анкара
MUTLU SFB M1 225 Ач обр.п. (3);23560;00005298;1400А;225,0 Ач;12В;Толстые;Обратная;513 мм.;265 мм.;230 мм.;66.8 кг.;"""MUTLU AKU VE MALZEMELERI SANAYII A.S.""";Турецкая Республика г. Анкара
Numax Silver 60 Ач (80 B 24L) (0);7230;00005287;530А;60,0 Ач;12В;Тонкие;Обратная;236 мм.;128 мм.;220 мм.;12.8 кг.;BOST HOLDINGS-DTR CORP;Республика Корея г.Сеул
PRESIDENT AGM AX 50 Ач (55 D 23L) (0);12600;00005267;550А;50,0 Ач;12В;Толстые;Обратная;220 мм.;170 мм.;200 мм.;15.6 кг.;ATLASBX, Co., Ltd.;Республика Корея Провинция Чолла-Пукто
PRESIDENT AGM AX 45 Ач (46 B 24R) (1);9900;00005266;370А;45,0 Ач;12В;Тонкие;Прямая;235 мм.;125 мм.;200 мм.;13.2 кг.;ATLASBX, Co., Ltd.;Республика Корея Провинция Чолла-Пукто
PRESIDENT AGM AX 45 Ач (46 B 24L) (0);9900;00005265;370А;45,0 Ач;12В;Тонкие;Обратная;235 мм.;125 мм.;200 мм.;13.2 кг.;ATLASBX, Co., Ltd.;Республика Корея Провинция Чолла-Пукто
Solite EFB T110 90 Ач (D 31R) (1);9860;00005264;880А;90,0 Ач;12В;Толстые;Прямая;300 мм.;170 мм.;200 мм.;22 кг.;HYUNDAI SUNGWOO SOLITE CO.,LTD;Республика Корея г.Сеул
Solite EFB T110 90 Ач (D 31L) (0);9860;00005263;880А;90,0 Ач;12В;Толстые;Обратная;300 мм.;170 мм.;200 мм.;22 кг.;HYUNDAI SUNGWOO SOLITE CO.,LTD;Республика Корея г.Сеул
Solite EFB S95 70 Ач (D 26R) (1);9650;00005262;790А;80,0 Ач;12В;Толстые;Прямая;260 мм.;165 мм.;200 мм.;18.8 кг.;HYUNDAI SUNGWOO SOLITE CO.,LTD;Республика Корея г.Сеул
Solite EFB S95 70 Ач (D 26L) (0);9650;00005261;790А;80,0 Ач;12В;Толстые;Обратная;260 мм.;165 мм.;200 мм.;18.8 кг.;HYUNDAI SUNGWOO SOLITE CO.,LTD;Республика Корея г.Сеул
TUBOR STANDART ASIA 72 Ач (D 26 R) прям.п. (1);5850;00005245;650А;72,0 Ач;12В;Толстые;Прямая;255 мм.;170 мм.;220 мм.;17.4 кг.;"ООО ""ТУБОР""";Российская Федерация Нижегородская обл. г.Бор
TUBOR SILVER 77 Ач (D 26 R) прям. п. (1);8200;00005251;650А;77,0 Ач;12В;Толстые;Прямая;255 мм.;170 мм.;220 мм.;17.4 кг.;"ООО ""ТУБОР""";Российская Федерация Нижегородская обл. г.Бор
TUBOR SILVER 77 Ач (D 26 L) обр. п. (0);8200;00005250;650А;77,0 Ач;12В;Толстые;Обратная;255 мм.;170 мм.;220 мм.;17.4 кг.;"ООО ""ТУБОР""";Российская Федерация Нижегородская обл. г.Бор
TUBOR SILVER 70 Ач (D 23 L) обр. п. (0);7200;00005240;600А;70,0 Ач;12В;Толстые;Обратная;230 мм.;170 мм.;220 мм.;15.2 кг.;"ООО ""ТУБОР""";Российская Федерация Нижегородская обл. г.Бор
TUBOR SILVER 57 Ач (B 24 R) прям. п. (1);6150;00005249;450А;57,0 Ач;12В;Тонкие;Прямая;235 мм.;125 мм.;220 мм.;14.2 кг.;"ООО ""ТУБОР""";Российская Федерация Нижегородская обл. г.Бор
TUBOR SILVER 57 Ач (B 24 L) обр.п. (0);6150;00005248;450А;57,0 Ач;12В;Тонкие;Обратная;235 мм.;125 мм.;220 мм.;14.2 кг.;"ООО ""ТУБОР""";Российская Федерация Нижегородская обл. г.Бор
TUBOR SILVER 100 Ач (D 31 R) прям.п. (1);10000;00005247;850А;100,0 Ач;12В;Толстые;Прямая;302 мм.;170 мм.;220 мм.;22.8 кг.;"ООО ""ТУБОР""";Российская Федерация Нижегородская обл. г.Бор
TUBOR SILVER 100 Ач (D 31 L) обр.п. (0);10000;00005246;850А;100,0 Ач;12В;Толстые;Обратная;302 мм.;170 мм.;220 мм.;22.8 кг.;"ООО ""ТУБОР""";Российская Федерация Нижегородская обл. г.Бор
TUBOR EFB 100 Ач (D 31L) обр.п. (0);11550;00005241;900А;100,0 Ач;12В;Толстые;Обратная;302 мм.;170 мм.;220 мм.;23 кг.;"ООО ""ТУБОР""";Российская Федерация Нижегородская обл. г.Бор
Black Horse 225 Ач обр.п. (3);14630;00005230;1450А;225,0 Ач;12В;Толстые;Обратная;515 мм.;272 мм.;250 мм.;51 кг.;BLACK HORSE -FAS DOO BEOGRAD;Сербия г.Белград
Black Horse 190 Ач (болт) прям.п.(4);12220;00005229;1250А;190,0 Ач;12В;Под болт;Прямая;513 мм.;223 мм.;223 мм.;42 кг.;BLACK HORSE -FAS DOO BEOGRAD;Сербия г.Белград
Spark 75 Ач обр.п. (0);5390;00005159;620А;75,0 Ач;12В;Толстые;Обратная;278 мм.;175 мм.;190 мм.;17.5 кг.;"ООО ""Актех Энергия Трейд""";Российская Федерация г.Иркутск
FireBall 140 Ач прям.п. (4);11760;00005092;900А;140,0 Ач;12В;Толстые;Прямая;513 мм.;189 мм.;223 мм.;34 кг.;"ООО ""ИСТОК+""";Российская Федерация г.Курск
DELTA CT 1207.1 7 Ач;2140;00001854;100А;7,0 Ач;12В;4F;Обратная;114 мм.;70 мм.;132 мм.;2.31 кг.;FUJIAN MINHUA POWER SOURCE CO.,LTD;Китайская народная республика, г.Фуджиан
Bars Silver 100 Ач обр.п. (0);8030;00005067;780А;100,0 Ач;12В;Толстые;Обратная;353 мм.;175 мм.;190 мм.;23.4 кг.;"ТОО ""Кайнар АКБ""";Республика Казахстан г.Талдыкорган
TUBOR SYNERGY 74 Ач (низ) обр. п. (0);8250;00005071;700А;74,0 Ач;12В;Толстые;Обратная;275 мм.;170 мм.;173 мм.;18.1 кг.;"ООО ""ТУБОР""";Российская Федерация Нижегородская обл. г.Бор
TUBOR EFB 75 Ач обр. п. (0);9400;00005074;760А;75,0 Ач;12В;Толстые;Обратная;273 мм.;172 мм.;187 мм.;20 кг.;"ООО ""ТУБОР""";Российская Федерация Нижегородская обл. г.Бор
TUBOR EFB 100 Ач обр. п. (0);14500;00005073;930А;100,0 Ач;12В;Толстые;Обратная;347 мм.;172 мм.;187 мм.;26.5 кг.;"ООО ""ТУБОР""";Российская Федерация Нижегородская обл. г.Бор
Forse EFB 74 Ач (низ) обр.п.(0);9080;00005078;710А;74,0 Ач;12В;Толстые;Обратная;276 мм.;175 мм.;175 мм.;19.2 кг.;"ООО ""ИСТОК+""";Российская Федерация г.Курск
Forse EFB 60 Ач (низ) прям.п. (1);7270;00005079;620А;60,0 Ач;12В;Толстые;Прямая;242 мм.;175 мм.;175 мм.;16.5 кг.;"ООО ""ИСТОК+""";Российская Федерация г.Курск
Forse EFB 60 Ач (низ) обр.п. (0);7270;00005080;620А;60,0 Ач;12В;Толстые;Обратная;242 мм.;175 мм.;175 мм.;16.5 кг.;"ООО ""ИСТОК+""";Российская Федерация г.Курск
Forse EFB 110 Ач прям.п. (1);11750;00005077;880А;110,0 Ач;12В;Толстые;Прямая;353 мм.;175 мм.;195 мм.;27 кг.;"ООО ""ИСТОК+""";Российская Федерация г.Курск
Forse EFB 110 Ач обр.п. (0);11750;00005076;880А;110,0 Ач;12В;Толстые;Обратная;353 мм.;175 мм.;195 мм.;27 кг.;"ООО ""ИСТОК+""";Российская Федерация г.Курск
Solite SUPER 65 Ач (75 D 23 L) с буртиком (0);6420;00005062;550А;65,0 Ач;12В;Толстые;Обратная;230 мм.;168 мм.;220 мм.;15.6 кг.;HYUNDAI SUNGWOO SOLITE CO.,LTD;Республика Корея г.Сеул
Solite SUPER 65 Ач (75 D 23 L) (0);6420;00005061;550А;65,0 Ач;12В;Толстые;Обратная;230 мм.;168 мм.;220 мм.;15.6 кг.;HYUNDAI SUNGWOO SOLITE CO.,LTD;Республика Корея г.Сеул
Русская Звезда 75 Ач обр.п. (0);5050;00005042;600А;75,0 Ач;12В;Толстые;Обратная;276 мм.;175 мм.;190 мм.;15.6 кг.;"ООО ""ИСТОК+""";Российская Федерация г.Курск
TUBOR SYNERGY 65 Ач прям. п. (1);7200;00005029;620А;65,0 Ач;12В;Толстые;Прямая;242 мм.;175 мм.;190 мм.;17 кг.;"ООО ""ТУБОР""";Российская Федерация Нижегородская обл. г.Бор
TUBOR SYNERGY 65 Ач обр. п. (0);7200;00005028;620А;65,0 Ач;12В;Толстые;Обратная;242 мм.;175 мм.;190 мм.;17 кг.;"ООО ""ТУБОР""";Российская Федерация Нижегородская обл. г.Бор
TUBOR SYNERGY 61 Ач прям. п. (1);6550;00005027;620А;61,0 Ач;12В;Толстые;Прямая;242 мм.;175 мм.;190 мм.;16 кг.;"ООО ""ТУБОР""";Российская Федерация Нижегородская обл. г.Бор
TUBOR SYNERGY 61 Ач обр. п. (0);6550;00005026;620А;61,0 Ач;12В;Толстые;Обратная;242 мм.;175 мм.;190 мм.;16 кг.;"ООО ""ТУБОР""";Российская Федерация Нижегородская обл. г.Бор
TUBOR SYNERGY 110 Ач обр. п. (0);11150;00005025;950А;110,0 Ач;12В;Толстые;Обратная;353 мм.;175 мм.;190 мм.;26.5 кг.;"ООО ""ТУБОР""";Российская Федерация Нижегородская обл. г.Бор
TUBOR STANDART 75 Ач обр. п. (0);6750;00005023;700А;75,0 Ач;12В;Толстые;Обратная;278 мм.;175 мм.;190 мм.;18.5 кг.;"ООО ""ТУБОР""";Российская Федерация Нижегородская обл. г.Бор
TUBOR STANDART 75 Ач  прям. п. (1);6750;00005024;700А;75,0 Ач;12В;Толстые;Прямая;278 мм.;175 мм.;190 мм.;18.5 кг.;"ООО ""ТУБОР""";Российская Федерация Нижегородская обл. г.Бор
TUBOR STANDART 60 Ач обр. п. (0);5300;00005021;540А;60,0 Ач;12В;Толстые;Обратная;242 мм.;175 мм.;190 мм.;15.4 кг.;"ООО ""ТУБОР""";Российская Федерация Нижегородская обл. г.Бор
TUBOR STANDART 60 Ач  прям. п. (1);5300;00005022;540А;60,0 Ач;12В;Толстые;Прямая;242 мм.;175 мм.;190 мм.;15.4 кг.;"ООО ""ТУБОР""";Российская Федерация Нижегородская обл. г.Бор
TUBOR EFB 60 Ач прям. п. (1);7900;00005019;600А;60,0 Ач;12В;Толстые;Прямая;242 мм.;175 мм.;190 мм.;16.1 кг.;"ООО ""ТУБОР""";Российская Федерация Нижегородская обл. г.Бор
TUBOR EFB 60 Ач обр. п. (0);7900;00005018;600А;60,0 Ач;12В;Толстые;Обратная;242 мм.;175 мм.;190 мм.;16.1 кг.;"ООО ""ТУБОР""";Российская Федерация Нижегородская обл. г.Бор
TITAN ARCTIC 75 Aч обр. п. (0);8750;00005011;750А;75,0 Ач;12В;Толстые;Обратная;278 мм.;175 мм.;190 мм.;19 кг.;"ООО ""ТУБОР""";Российская Федерация Нижегородская обл. г.Бор
TITAN ARCTIC 62 Aч обр. п. (0);7300;00005010;660А;62,0 Ач;12В;Толстые;Обратная;242 мм.;175 мм.;190 мм.;16.5 кг.;"ООО ""ТУБОР""";Российская Федерация Нижегородская обл. г.Бор
TITAN ARCTIC 60 Aч прям. п. (1);7000;00005009;640А;60,0 Ач;12В;Толстые;Прямая;242 мм.;175 мм.;190 мм.;16.3 кг.;"ООО ""ТУБОР""";Российская Федерация Нижегородская обл. г.Бор
TITAN ARCTIC 100 Aч обр. п. (0);11550;00005008;950А;100,0 Ач;12В;Толстые;Обратная;353 мм.;175 мм.;190 мм.;26.5 кг.;"ООО ""ТУБОР""";Российская Федерация Нижегородская обл. г.Бор
DELTA CT 1214.1 14 Ач;4620;00004998;200А;14,0 Ач;12В;4F;Прямая;132 мм.;89 мм.;164 мм.;4.6 кг.;FUJIAN MINHUA POWER SOURCE CO.,LTD;Китайская народная республика, г.Фуджиан
Forse 192 Ач (конус) обр.п. (3);20660;00004255;1350А;192,0 Ач;12В;Толстые;Обратная;513 мм.;223 мм.;217 мм.;51 кг.;"ООО ""ИСТОК+""";Российская Федерация г.Курск
FB Hybrid 225 Ач обр.п. (3);22320;00001260;1500А;225,0 Ач;12В;Толстые;Обратная;518 мм.;274 мм.;237 мм.;60.4 кг.;"ООО ""ИСТОК+""";Российская Федерация г.Курск
Тюмень Premium 64 Ач обр.п. (0);6000;00003138;620А;64,0 Ач;12В;Толстые;Обратная;242 мм.;175 мм.;190 мм.;16 кг.;"ОАО ""Тюменский аккумуляторный завод""";Российская Федерация г.Тюмень
Numax Silver 90 Ач (110 D 26R) (1);9760;00004866;730А;90,0 Ач;12В;Толстые;Прямая;258 мм.;172 мм.;200 мм.;19 кг.;BOST HOLDINGS-DTR CORP;Республика Корея г.Сеул
Numax Silver 105 Ач (125 D 31L) (0);11260;00002015;850А;105,0 Ач;12В;Толстые;Обратная;310 мм.;172 мм.;220 мм.;22 кг.;BOST HOLDINGS-DTR CORP;Республика Корея г.Сеул
Тюмень Premium 77 Ач обр.п. (0);7050;00003139;680А;77,0 Ач;12В;Толстые;Обратная;280 мм.;175 мм.;190 мм.;21 кг.;"ОАО ""Тюменский аккумуляторный завод""";Российская Федерация г.Тюмень
MUTLU SFB M2 100 Ач прям.п. (1);9870;00001940;830А;100,0 Ач;12В;Толстые;Прямая;345 мм.;175 мм.;195 мм.;23.1 кг.;MUTLU AKU VE MALZEMELERI SANAYII A.S.;Турецкая Республика г. Анкара
Numax Silver 100 Ач (115 D 31R) (1);10270;00001691;800А;100,0 Ач;12В;Толстые;Прямая;310 мм.;172 мм.;220 мм.;21 кг.;BOST HOLDINGS-DTR CORP;Республика Корея г.Сеул
Numax Silver 100 Ач (115 D 31L) (0);10270;00001690;800А;100,0 Ач;12В;Толстые;Обратная;310 мм.;172 мм.;220 мм.;21 кг.;BOST HOLDINGS-DTR CORP;Республика Корея г.Сеул
DELTA CT 12026 2,5 Ач;1180;00001867;30А;2,5 Ач;12В;4F;Обратная;114 мм.;49 мм.;86 мм.;0.9 кг.;FUJIAN MINHUA POWER SOURCE CO.,LTD;Китайская народная республика, г.Фуджиан
TUDOR AGM 60 Ач обр.п.  (0);13670;00003355;680А;60,0 Ач;12В;Толстые;Обратная;242 мм.;175 мм.;190 мм.;17.8 кг.;EXIDE TECHNOLOGIES Transportation Business Group Europe;Польша г. Познань
MUTLU SFB M2 80 Ач (низ) обр.п. (0);11280;00004043;740А;80,0 Ач;12В;Толстые;Обратная;315 мм.;175 мм.;175 мм.;20.2 кг.;MUTLU AKU VE MALZEMELERI SANAYII A.S.;Турецкая Республика г. Анкара
MUTLU SFB M3 75 Ач (низ) обр.п. (0);7920;00004694;720А;75,0 Ач;12В;Толстые;Обратная;275 мм.;175 мм.;175 мм.;17.4 кг.;MUTLU AKU VE MALZEMELERI SANAYII A.S.;Турецкая Республика г. Анкара
MUTLU SFB M3 60 Ач (низ) обр.п. (0);6380;00004695;540А;60,0 Ач;12В;Толстые;Обратная;240 мм.;175 мм.;175 мм.;15 кг.;MUTLU AKU VE MALZEMELERI SANAYII A.S.;Турецкая Республика г. Анкара
AFA PLUS 60 Ач обр.п. (0);6190;00004693;540А;60,0 Ач;12В;Толстые;Обратная;242 мм.;175 мм.;190 мм.;15 кг.;Clarios Germany GmbH& Co.KGaA;Германия г.Ганновер
DELTA EPS 1230 30 Ач обр. п. (0);9110;00004685;330А;30,0 Ач;12В;4F;Обратная;166 мм.;130 мм.;175 мм.;9.83 кг.;FUJIAN MINHUA POWER SOURCE CO.,LTD;Китайская народная республика, г.Фуджиан
Numax Silver 70 Ач (90 D 23R) (1);7150;00001686;600А;70,0 Ач;12В;Толстые;Прямая;230 мм.;168 мм.;220 мм.;16 кг.;BOST HOLDINGS-DTR CORP;Республика Корея г.Сеул
DELTA EPS 12201 20 Ач обр. п. (0);7300;00004543;310А;20,0 Ач;12В;4F;Обратная;176 мм.;87 мм.;154 мм.;6.5 кг.;FUJIAN MINHUA POWER SOURCE CO.,LTD;Китайская народная республика, г.Фуджиан
DELTA EPS 1220 24 Ач обр. п. (0);8780;00004542;350А;20,0 Ач;12В;4F;Обратная;205 мм.;87 мм.;162 мм.;7.74 кг.;FUJIAN MINHUA POWER SOURCE CO.,LTD;Китайская народная республика, г.Фуджиан
DELTA EPS 1218.1 18 Ач прям. п. (1);6190;00004541;250А;18,0 Ач;12В;4F;Прямая;151 мм.;87 мм.;161 мм.;5.96 кг.;FUJIAN MINHUA POWER SOURCE CO.,LTD;Китайская народная республика, г.Фуджиан
DELTA EPS 1218 18 Ач прям. п. (1);6530;00004540;270А;18,0 Ач;12В;4F;Прямая;176 мм.;87 мм.;154 мм.;6.5 кг.;FUJIAN MINHUA POWER SOURCE CO.,LTD;Китайская народная республика, г.Фуджиан
DELTA EPS 1214 14 Ач прям.п. (1);6080;00004537;220А;14,0 Ач;12В;4F;Прямая;149 мм.;87 мм.;144 мм.;4.6 кг.;FUJIAN MINHUA POWER SOURCE CO.,LTD;Китайская народная республика, г.Фуджиан
Bars Silver 75 Ач (низ) прям.п. (1);6180;00004513;650А;75,0 Ач;12В;Толстые;Прямая;278 мм.;175 мм.;175 мм.;18 кг.;"ТОО ""Кайнар АКБ""";Республика Казахстан г.Талдыкорган
Numax Silver 80 Ач (95 D 26R) (1);8340;00001689;680А;80,0 Ач;12В;Толстые;Прямая;260 мм.;168 мм.;220 мм.;17.5 кг.;BOST HOLDINGS-DTR CORP;Республика Корея г.Сеул
Numax Silver 80 Ач (95 D 26L) (0);8340;00001688;680А;80,0 Ач;12В;Толстые;Обратная;260 мм.;168 мм.;220 мм.;17.5 кг.;BOST HOLDINGS-DTR CORP;Республика Корея г.Сеул
Numax Silver 70 Ач (90 D 23L) (0);7150;00001687;600А;70,0 Ач;12В;Толстые;Обратная;230 мм.;168 мм.;220 мм.;16 кг.;BOST HOLDINGS-DTR CORP;Республика Корея г.Сеул
AFA PLUS 60 Ач прям.п. (1);6190;00004468;540А;60,0 Ач;12В;Толстые;Прямая;242 мм.;175 мм.;190 мм.;15 кг.;Clarios Germany GmbH& Co.KGaA;Германия г.Ганновер
Bosch S5 A13 AGM 95 Ач обр.п. (0);18600;00004453;850А;95,0 Ач;12В;Толстые;Обратная;343 мм.;175 мм.;190 мм.;27 кг.;Clarios Germany GmbH& Co.KGaA;Германия г.Ганновер
DELTA CT 1230 30 Ач обр. п. (0);7360;00003829;300А;2,2 Ач;12В;4F;Обратная;168 мм.;126 мм.;175 мм.;8.5 кг.;FUJIAN MINHUA POWER SOURCE CO.,LTD;Китайская народная республика, г.Фуджиан
DELTA CT 1218 20 Ач;4960;00003828;270А;20,0 Ач;12В;4F;Прямая;177 мм.;88 мм.;154 мм.;6.3 кг.;FUJIAN MINHUA POWER SOURCE CO.,LTD;Китайская народная республика, г.Фуджиан
PRESIDENT ECO 80 Ач (90 D 26R) (1);5460;00004229;630А;80,0 Ач;12В;Толстые;Прямая;260 мм.;172 мм.;220 мм.;16.4 кг.;"""ATLASBX, Co., Ltd.""";Республика Корея Провинция Чолла-Пукто
ATLAS BX EFB 80 Ач (115 D 31L) (0);8020;00004242;800А;80,0 Ач;12В;Толстые;Обратная;310 мм.;172 мм.;220 мм.;21 кг.;ATLASBX, Co., Ltd.;Республика Корея Провинция Чолла-Пукто
ATLAS BX EFB 45 Ач (70 B 24L) (0);4750;00004239;460А;45,0 Ач;12В;Тонкие;Обратная;236 мм.;128 мм.;220 мм.;12.6 кг.;ATLASBX, Co., Ltd.;Республика Корея Провинция Чолла-Пукто
MUTLU SFB M3 110 Ач обр.п. (0);13400;00004199;920А;110,0 Ач;12В;Толстые;Обратная;394 мм.;175 мм.;190 мм.;24 кг.;MUTLU AKU VE MALZEMELERI SANAYII A.S.;Турецкая Республика г. Анкара
AFA PLUS 74 Ач обр.п. (0);9610;00004200;680А;74,0 Ач;12В;Толстые;Обратная;278 мм.;175 мм.;190 мм.;18 кг.;Clarios Germany GmbH& Co.KGaA;Германия г.Ганновер
AFA PLUS 72 Ач (низ) обр.п. (0);9300;00004198;680А;72,0 Ач;12В;Толстые;Обратная;278 мм.;175 мм.;175 мм.;18 кг.;Clarios Germany GmbH& Co.KGaA;Германия г.Ганновер
AFA PLUS 60 Ач (низ) обр.п. (0);6190;00004197;540А;60,0 Ач;12В;Толстые;Обратная;242 мм.;175 мм.;175 мм.;15 кг.;Clarios Germany GmbH& Co.KGaA;Германия г.Ганновер
FireBall 190 Ач (болт) прям.п. (4);13970;00004121;1200А;190,0 Ач;12В;Толстые;Прямая;518 мм.;240 мм.;242 мм.;46.4 кг.;"ООО ""ИСТОК+""";Российская Федерация г.Курск
MUTLU SFB M2 135 Ач обр.п. (3);14100;00004045;950А;135,0 Ач;12В;Толстые;Обратная;510 мм.;185 мм.;220 мм.;35.7 кг.;MUTLU AKU VE MALZEMELERI SANAYII A.S.;Турецкая Республика г. Анкара
AFA PLUS 100 Ач обр.п. (0);16020;00004040;830А;100,0 Ач;12В;Толстые;Обратная;353 мм.;175 мм.;190 мм.;25 кг.;Clarios Germany GmbH& Co.KGaA;Германия г.Ганновер
AFA PLUS 225 Ач обр.п. (3);29450;00004039;1150А;225,0 Ач;12В;Толстые;Обратная;518 мм.;291 мм.;242 мм.;61 кг.;Clarios Germany GmbH& Co.KGaA;Германия г.Ганновер
AFA PLUS 80 Ач (низ) обр.п. (0);11160;00004041;740А;80,0 Ач;12В;Толстые;Обратная;315 мм.;175 мм.;175 мм.;22 кг.;Clarios Germany GmbH& Co.KGaA;Германия г.Ганновер
Numax Silver 90 Ач (110 D 26L) (0);9760;00004020;730А;90,0 Ач;12В;Толстые;Обратная;258 мм.;172 мм.;200 мм.;19 кг.;BOST HOLDINGS-DTR CORP;Республика Корея г.Сеул
Numax 65 Ач (75 D 23R) (1);6750;00004023;570А;65,0 Ач;12В;Толстые;Прямая;230 мм.;172 мм.;220 мм.;16.2 кг.;BOST HOLDINGS-DTR CORP;Республика Корея г.Сеул
Numax 75 Ач (85 D 26L) (0);7840;00004018;630А;75,0 Ач;12В;Толстые;Обратная;260 мм.;172 мм.;220 мм.;17.4 кг.;BOST HOLDINGS-DTR CORP;Республика Корея г.Сеул
Numax 75 Ач (85 D 26R) (1);7840;00004017;630А;75,0 Ач;12В;Толстые;Прямая;260 мм.;172 мм.;220 мм.;17.4 кг.;BOST HOLDINGS-DTR CORP;Республика Корея г.Сеул
Numax Silver 44 Ач (50 B 19L) (0);5240;00004019;390А;44,0 Ач;12В;Тонкие;Обратная;187 мм.;127 мм.;220 мм.;9 кг.;BOST HOLDINGS-DTR CORP;Республика Корея г.Сеул
Тюмень Premium 64 Ач прям.п. (1);6000;00003952;620А;64,0 Ач;12В;Толстые;Прямая;242 мм.;175 мм.;190 мм.;16 кг.;"ОАО ""Тюменский аккумуляторный завод""";Российская Федерация г.Тюмень
Тюмень Premium 77 Ач прям.п.  (1);7050;00003954;680А;77,0 Ач;12В;Толстые;Прямая;280 мм.;175 мм.;190 мм.;21 кг.;"ОАО ""Тюменский аккумуляторный завод""";Российская Федерация г.Тюмень
Spark 132 Ач прям.п. (4);10800;00004013;750А;132,0 Ач;12В;Толстые;Обратная;513 мм.;190 мм.;223 мм.;38 кг.;"ООО ""Актех Энергия Трейд""";Российская Федерация г.Иркутск
ТЮМЕНЬ Азия 50 Ач (24 L) обр.п. (0);4950;00003144;440А;50,0 Ач;12В;Тонкие;Обратная;235 мм.;125 мм.;220 мм.;12.4 кг.;"Акционерное общество ""Тюменский аккумуляторный завод""";Российская Федерация г.Тюмень
ТЮМЕНЬ Азия 50 Ач (24 R) прям.п.  (1);4950;00003966;440А;50,0 Ач;12В;Тонкие;Прямая;235 мм.;125 мм.;220 мм.;12.4 кг.;"Акционерное общество ""Тюменский аккумуляторный завод""";Российская Федерация г.Тюмень
ТЮМЕНЬ Азия 75 Ач (26 L) обр.п. (0);7250;00003967;630А;75,0 Ач;12В;Толстые;Обратная;266 мм.;172 мм.;220 мм.;18.5 кг.;"Акционерное общество ""Тюменский аккумуляторный завод""";Российская Федерация г.Тюмень
ТЮМЕНЬ Азия 75 Ач (26 R) прям.п.  (1);7250;00003968;630А;75,0 Ач;12В;Толстые;Прямая;266 мм.;172 мм.;220 мм.;18.5 кг.;"Акционерное общество ""Тюменский аккумуляторный завод""";Российская Федерация г.Тюмень
ТЮМЕНЬ Азия 95 Ач (31 L) обр.п. (0);9560;00003969;750А;95,0 Ач;12В;Толстые;Обратная;302 мм.;172 мм.;223 мм.;22.6 кг.;"Акционерное общество ""Тюменский аккумуляторный завод""";Российская Федерация г.Тюмень
ТЮМЕНЬ Азия 95 Ач (31 R) прям.п.  (1);9560;00003970;750А;95,0 Ач;12В;Толстые;Прямая;302 мм.;172 мм.;223 мм.;22.6 кг.;"Акционерное общество ""Тюменский аккумуляторный завод""";Российская Федерация г.Тюмень
Solite SUPER 115 Ач (115 E 41 L) (длинные) (0);9830;00003971;850А;115,0 Ач;12В;Толстые;Обратная;400 мм.;175 мм.;220 мм.;26 кг.;HYUNDAI SUNGWOO SOLITE CO.,LTD;Республика Корея г.Сеул
Solite SUPER 115 Ач (115 E 41 R) (длинные) (1);9830;00003972;850А;115,0 Ач;12В;Толстые;Прямая;400 мм.;175 мм.;220 мм.;26 кг.;HYUNDAI SUNGWOO SOLITE CO.,LTD;Республика Корея г.Сеул
FireBall 190 Ач (конус) обр.п. (3);13970;00003951;1200А;190,0 Ач;12В;Толстые;Обратная;518 мм.;240 мм.;242 мм.;42.5 кг.;"ООО ""ИСТОК+""";Российская Федерация г.Курск
Bars Silver 75 Ач (низ) обр.п. (0);6180;00003738;650А;75,0 Ач;12В;Толстые;Обратная;278 мм.;175 мм.;175 мм.;18 кг.;"ТОО ""Кайнар АКБ""";Республика Казахстан г.Талдыкорган
Bars Silver 190 Ач (конус) обр.п. (3);15310;00003745;1250А;190,0 Ач;12В;Толстые;Обратная;524 мм.;239 мм.;240 мм.;52 кг.;"ТОО ""Кайнар АКБ""";Республика Казахстан г.Талдыкорган
Bars Silver 60 Ач (низ) обр.п. (0);4860;00003737;530А;60,0 Ач;12В;Толстые;Обратная;242 мм.;175 мм.;175 мм.;14.7 кг.;"ТОО ""Кайнар АКБ""";Республика Казахстан г.Талдыкорган
BARS Asia 75 Ач (85 D 26 L) (0);6220;00003742;640А;75,0 Ач;12В;Толстые;Обратная;260 мм.;168 мм.;220 мм.;17 кг.;"ТОО ""Кайнар АКБ""";Республика Казахстан г.Талдыкорган
BARS Asia 100 Ач (115 D 31 R) (1);8060;00003743;800А;100,0 Ач;12В;Толстые;Прямая;301 мм.;172 мм.;220 мм.;21.5 кг.;"ТОО ""Кайнар АКБ""";Республика Казахстан г.Талдыкорган
BARS Asia 100 Ач (115 D 31 L) (0);8060;00003744;800А;100,0 Ач;12В;Толстые;Обратная;301 мм.;172 мм.;220 мм.;21.5 кг.;"ТОО ""Кайнар АКБ""";Республика Казахстан г.Талдыкорган
BARS Asia 50 Ач (65 B 24 L) (0);4540;00003740;450А;50,0 Ач;12В;Тонкие;Обратная;236 мм.;129 мм.;220 мм.;11.5 кг.;"ТОО ""Кайнар АКБ""";Республика Казахстан г.Талдыкорган
BARS Asia 75 Ач (85 D 26 R) (1);6220;00003741;640А;75,0 Ач;12В;Толстые;Прямая;260 мм.;168 мм.;220 мм.;17 кг.;"ТОО ""Кайнар АКБ""";Республика Казахстан г.Талдыкорган
Numax Silver 58 Ач (75 B 24R) (1);6200;00002014;510А;58,0 Ач;12В;Тонкие;Прямая;236 мм.;128 мм.;220 мм.;12.5 кг.;BOST HOLDINGS-DTR CORP;Республика Корея г.Сеул
Numax 70 Ач (80 D 26R)  (1);7550;00003733;600А;70,0 Ач;12В;Толстые;Прямая;260 мм.;172 мм.;220 мм.;17.2 кг.;BOST HOLDINGS-DTR CORP;Республика Корея г.Сеул
Numax 90 Ач (105 D 31L) (0);8660;00003734;750А;90,0 Ач;12В;Толстые;Обратная;310 мм.;172 мм.;220 мм.;21.2 кг.;BOST HOLDINGS-DTR CORP;Республика Корея г.Сеул
Numax 90 Ач (105 D 31R) (1);8660;00003735;750А;90,0 Ач;12В;Толстые;Прямая;310 мм.;172 мм.;220 мм.;21.2 кг.;BOST HOLDINGS-DTR CORP;Республика Корея г.Сеул
Numax Silver 55 Ач (70 B 24L) (0);5660;00001684;480А;55,0 Ач;12В;Тонкие;Обратная;236 мм.;128 мм.;220 мм.;12.5 кг.;BOST HOLDINGS-DTR CORP;Республика Корея г.Сеул
Numax Silver 55 Ач (70 B 24R) (1);5660;00001685;480А;55,0 Ач;12В;Тонкие;Прямая;236 мм.;128 мм.;220 мм.;12.5 кг.;BOST HOLDINGS-DTR CORP;Республика Корея г.Сеул
Numax Silver 58 Ач (75 B 24L) (0);6200;00002013;510А;58,0 Ач;12В;Тонкие;Обратная;236 мм.;128 мм.;220 мм.;12.5 кг.;BOST HOLDINGS-DTR CORP;Республика Корея г.Сеул
Numax 65 Ач (75 D 23L) (0);6750;00003731;570А;65,0 Ач;12В;Толстые;Обратная;230 мм.;172 мм.;220 мм.;16.2 кг.;BOST HOLDINGS-DTR CORP;Республика Корея г.Сеул
Spark 190 Ач (болт) обр.п. (3);13500;00003720;1250А;190,0 Ач;12В;Толстые;Обратная;513 мм.;215 мм.;210 мм.;50 кг.;"ООО ""Актех Энергия Трейд""";Российская Федерация г.Иркутск
Solite SUPER 44 Ач (44 B 19 L) с буртиком (CMF44AL) (0);4530;00003717;370А;44,0 Ач;12В;Тонкие;Обратная;187 мм.;127 мм.;199 мм.;9 кг.;HYUNDAI SUNGWOO SOLITE CO.,LTD;Республика Корея г.Сеул
FireBall 90 Ач обр.п. (0);6980;00003584;780А;90,0 Ач;12В;Толстые;Обратная;353 мм.;175 мм.;190 мм.;21.1 кг.;"ООО ""ИСТОК+""";Российская Федерация г.Курск
Тюмень 62 Ач обр.п. (0);5610;00003558;580А;62,0 Ач;12В;Толстые;Обратная;242 мм.;175 мм.;190 мм.;16.8 кг.;"ОАО ""Тюменский аккумуляторный завод""";Российская Федерация г.Тюмень
Forse 74 Ач (низ) обр.п. (0);8320;00003535;760А;74,0 Ач;12В;Толстые;Обратная;276 мм.;175 мм.;175 мм.;16.8 кг.;"ООО ""ИСТОК+""";Российская Федерация г.Курск
FB Hybrid 74 Ач (низ) обр.п. (0);7390;00003534;740А;74,0 Ач;12В;Толстые;Обратная;276 мм.;175 мм.;175 мм.;16.8 кг.;"ООО ""ИСТОК+""";Российская Федерация г.Курск
Solite Silver 95 Ач (105 D 26 R)  с буртиком (1);8830;00003514;710А;95,0 Ач;12В;Толстые;Прямая;260 мм.;168 мм.;220 мм.;18 кг.;HYUNDAI SUNGWOO SOLITE CO.,LTD;Республика Корея г.Сеул
Solite Silver 110 Ач (125 D 31R)  с буртиком (1);10000;00003515;850А;110,0 Ач;12В;Толстые;Прямая;301 мм.;172 мм.;220 мм.;21 кг.;HYUNDAI SUNGWOO SOLITE CO.,LTD;Республика Корея г.Сеул
Solite Silver 85 Ач (95 D 23 R)  с буртиком (1);7710;00003513;630А;85,0 Ач;12В;Толстые;Прямая;230 мм.;168 мм.;220 мм.;16 кг.;HYUNDAI SUNGWOO SOLITE CO.,LTD;Республика Корея г.Сеул
Forse 60 Ач (низ) прям.п. (1);6760;00003508;640А;60,0 Ач;12В;Толстые;Прямая;242 мм.;175 мм.;175 мм.;14.8 кг.;"ООО ""ИСТОК+""";Российская Федерация г.Курск
Spark 132 Ач прям.п (3);10800;00003478;750А;132,0 Ач;12В;Толстые;Прямая;513 мм.;190 мм.;223 мм.;38 кг.;"ООО ""Актех Энергия Трейд""";Российская Федерация г.Иркутск
Bars Silver 230 Ач обр.п. (3);19320;00003440;1350А;230,0 Ач;12В;Толстые;Обратная;515 мм.;275 мм.;215 мм.;61 кг.;"ТОО ""Кайнар АКБ""";Республика Казахстан г.Талдыкорган
TUDOR HIGH - TECH 61 Ач низ. обр.п. (0);8080;00003358;600А;61,0 Ач;12В;Толстые;Обратная;242 мм.;175 мм.;175 мм.;16 кг.;EXIDE TECHNOLOGIES Transportation Business Group Europe;Польша г. Познань
TUDOR AGM 70 Ач обр.п. (0);15530;00003356;760А;70,0 Ач;12В;Толстые;Обратная;278 мм.;175 мм.;190 мм.;21 кг.;EXIDE TECHNOLOGIES Transportation Business Group Europe;Польша г. Познань
TUDOR AGM 95 Ач обр.п. (0);18970;00003357;850А;95,0 Ач;12В;Толстые;Обратная;353 мм.;175 мм.;190 мм.;26.3 кг.;EXIDE TECHNOLOGIES Transportation Business Group Europe;Польша г. Познань
FB Hybrid 62 Ач (низ) обр. п. (0);5850;00003354;630А;62,0 Ач;12В;Толстые;Обратная;242 мм.;175 мм.;175 мм.;16 кг.;"ООО ""ИСТОК+""";Российская Федерация г.Курск
Solite Silver 110 Ач (125 D 31L) с буртиком (0);10000;00003338;850А;110,0 Ач;12В;Толстые;Обратная;301 мм.;172 мм.;220 мм.;21 кг.;HYUNDAI SUNGWOO SOLITE CO.,LTD;Республика Корея г.Сеул
Solite Silver 95 Ач (105 D 26 L) с буртиком (0);8830;00003337;710А;95,0 Ач;12В;Толстые;Обратная;260 мм.;168 мм.;220 мм.;18 кг.;HYUNDAI SUNGWOO SOLITE CO.,LTD;Республика Корея г.Сеул
Solite Silver 85 Ач (95 D 23 L) с буртиком (0);7710;00003336;630А;85,0 Ач;12В;Толстые;Обратная;230 мм.;168 мм.;220 мм.;16 кг.;HYUNDAI SUNGWOO SOLITE CO.,LTD;Республика Корея г.Сеул
Solite SUPER 50 Ач CMF50 L 50 Ач (кубик) (0);5050;00003339;470А;50,0 Ач;12В;Толстые;Обратная;205 мм.;170 мм.;190 мм.;12 кг.;HYUNDAI SUNGWOO SOLITE CO.,LTD;Республика Корея г.Сеул
ЗВЕРЬ Азия 95 Ач (125 D 31L) (0);9720;00003335;930А;95,0 Ач;12В;Толстые;Обратная;305 мм.;175 мм.;221 мм.;24.3 кг.;"ООО ""Актех Энергия Трейд""";Российская Федерация г.Иркутск
Spark 90 Ач прям.п. (1);7350;00003260;750А;90,0 Ач;12В;Толстые;Прямая;376 мм.;175 мм.;190 мм.;25 кг.;"ООО ""Актех Энергия Трейд""";Российская Федерация г.Иркутск
Тюмень 190 Ач (болт) прям.п. (4);17090;00000264;1320А;190,0 Ач;12В;Top Post (Под болт);Прямая;518 мм.;228 мм.;240 мм.;50.7 кг.;"ОАО ""Тюменский аккумуляторный завод""";Российская Федерация г.Тюмень
Тюмень 75 Ач обр.п. (0);6810;00003143;660А;75,0 Ач;12В;Толстые;Обратная;306 мм.;175 мм.;190 мм.;20 кг.;"ОАО ""Тюменский аккумуляторный завод""";Российская Федерация г.Тюмень
Тюмень 90 Ач обр.п. (0);8150;00003140;720А;90,0 Ач;12В;Толстые;Обратная;345 мм.;175 мм.;213 мм.;25 кг.;"ОАО ""Тюменский аккумуляторный завод""";Российская Федерация г.Тюмень
Dominator 74 Ач (низ) обр.п. (0);7390;00003046;740А;74,0 Ач;12В;Толстые;Обратная;276 мм.;175 мм.;175 мм.;16.9 кг.;"ООО ""ИСТОК+""";Российская Федерация г.Курск
Dominator 65 Ач обр.п. (0);6340;00003044;630А;65,0 Ач;12В;Толстые;Обратная;242 мм.;175 мм.;190 мм.;15 кг.;"ООО ""ИСТОК+""";Российская Федерация г.Курск
Dominator 65 Ач прям.п. (1);6340;00003045;630А;65,0 Ач;12В;Толстые;Прямая;242 мм.;175 мм.;190 мм.;15 кг.;"ООО ""ИСТОК+""";Российская Федерация г.Курск
Dominator 62 Ач (низ) обр.п. (0);5850;00003047;620А;62,0 Ач;12В;Толстые;Обратная;242 мм.;175 мм.;175 мм.;14.5 кг.;"ООО ""ИСТОК+""";Российская Федерация г.Курск
FireBall 215 Ач прям.п (1);11470;00003040;1120А;215,0 Ач;6В;Толстые;Прямая;380 мм.;160 мм.;210 мм.;29.9 кг.;"ООО ""ИСТОК+""";Российская Федерация г.Курск
FB Hybrid 65 Ач обр.п. (0);6340;00003038;580А;65,0 Ач;12В;Толстые;Обратная;242 мм.;175 мм.;190 мм.;14.9 кг.;"ООО ""ИСТОК+""";Российская Федерация г.Курск
FB Hybrid 65 Ач прям.п. (1);6340;00003039;580А;65,0 Ач;12В;Толстые;Прямая;242 мм.;175 мм.;190 мм.;14.9 кг.;"ООО ""ИСТОК+""";Российская Федерация г.Курск
UNIKUM 55 Ач прям.п.  (1);4020;00002949;450А;55,0 Ач;12В;Толстые;Прямая;242 мм.;175 мм.;190 мм.;13.4 кг.;"ТОО ""Кайнар АКБ""";Республика Казахстан г.Талдыкорган
UNIKUM 60 Ач прям.п. (1);4070;00002950;500А;60,0 Ач;12В;Толстые;Прямая;242 мм.;175 мм.;190 мм.;13.6 кг.;"ТОО ""Кайнар АКБ""";Республика Казахстан г.Талдыкорган
UNIKUM 132 Ач прям.п. (4);10760;00002922;820А;132,0 Ач;12В;Толстые;Прямая;513 мм.;182 мм.;240 мм.;34.8 кг.;"ТОО ""Кайнар АКБ""";Республика Казахстан г.Талдыкорган
UNIKUM 190 Ач (болт) прям.п. (4);13550;00002923;1200А;190,0 Ач;12В;Top Post (Под болт);Прямая;524 мм.;239 мм.;240 мм.;53 кг.;"ТОО ""Кайнар АКБ""";Республика Казахстан г.Талдыкорган
UNIKUM 75 Ач прям.п. (1);5490;00002925;600А;75,0 Ач;12В;Толстые;Прямая;278 мм.;175 мм.;190 мм.;16.4 кг.;"ТОО ""Кайнар АКБ""";Республика Казахстан г.Талдыкорган
UNIKUM 90 Ач прям.п.  (1);6710;00002924;700А;90,0 Ач;12В;Толстые;Прямая;353 мм.;175 мм.;190 мм.;21.3 кг.;"ТОО ""Кайнар АКБ""";Республика Казахстан г.Талдыкорган
Зверь 140 Ач прям.п. (4);12400;00000927;900А;140,0 Ач;12В;Толстые;Прямая;514 мм.;175 мм.;210 мм.;41 кг.;"ООО ""Актех Энергия Трейд""";Российская Федерация г.Иркутск
Тюмень МТС-9 (МОТО 12V) Лидер обр. п. (0);1440;00001237;45А;9,0 Ач;12В;4F;Обратная;140 мм.;77 мм.;135 мм.;2.2 кг.;"ОАО ""Тюменский аккумуляторный завод""";Российская Федерация г.Тюмень
Тюмень 60 Ач прям.п. (1);5350;00000149;550А;60,0 Ач;12В;Толстые;Прямая;242 мм.;175 мм.;190 мм.;16.1 кг.;"ОАО ""Тюменский аккумуляторный завод""";Российская Федерация г.Тюмень
Тюмень 60 Ач обр.п. (0);5350;00001910;550А;60,0 Ач;12В;Толстые;Обратная;242 мм.;175 мм.;190 мм.;16.1 кг.;"ОАО ""Тюменский аккумуляторный завод""";Российская Федерация г.Тюмень
Тюмень 62 Ач прям.п. (1);5610;00000150;580А;62,0 Ач;12В;Толстые;Прямая;242 мм.;175 мм.;190 мм.;16.8 кг.;"ОАО ""Тюменский аккумуляторный завод""";Российская Федерация г.Тюмень
Тюмень 75 Ач прям.п. (1);6810;00000151;660А;75,0 Ач;12В;Толстые;Прямая;306 мм.;175 мм.;190 мм.;20 кг.;"ОАО ""Тюменский аккумуляторный завод""";Российская Федерация г.Тюмень
Тюмень 90 Ач прям.п. (1);8150;00000153;720А;90,0 Ач;12В;Толстые;Прямая;345 мм.;175 мм.;213 мм.;25 кг.;"ОАО ""Тюменский аккумуляторный завод""";Российская Федерация г.Тюмень
Тюмень 132 Ач прям.п. (4);12540;00000155;960А;132,0 Ач;12В;Толстые;Прямая;513 мм.;189 мм.;230 мм.;39.3 кг.;"ОАО ""Тюменский аккумуляторный завод""";Российская Федерация г.Тюмень
Тюмень 190 а/ч (конус) прям.п. (4);17090;00001411;1320А;190,0 Ач;12В;Толстые;Прямая;518 мм.;228 мм.;240 мм.;50.7 кг.;"ОАО ""Тюменский аккумуляторный завод""";Российская Федерация г.Тюмень
Тюмень МТС-18 (МОТО 6V);1310;00001630;90А;18,0 Ач;6В;4F;Прямая;140 мм.;77 мм.;135 мм.;2 кг.;"ОАО ""Тюменский аккумуляторный завод""";Российская Федерация г.Тюмень
Тюмень 55 Ач прям.п. (1);5060;00000148;525А;55,0 Ач;12В;Толстые;Прямая;242 мм.;175 мм.;190 мм.;15.3 кг.;"ОАО ""Тюменский аккумуляторный завод""";Российская Федерация г.Тюмень
Орион (ВСА) 75 Ач обр.п. (0);6150;00001239;580А;75,0 Ач;12В;Толстые;Обратная;278 мм.;175 мм.;190 мм.;19.6 кг.;"ООО ""Актех Энергия Трейд""";Российская Федерация г.Иркутск
Орион (ВСА) 90 Ач прям.п. (1);7440;00000940;800А;90,0 Ач;12В;Толстые;Прямая;376 мм.;175 мм.;190 мм.;23 кг.;"ООО ""Актех Энергия Трейд""";Российская Федерация г.Иркутск
Орион (ВСА) 55 Ач прям.п. (1);4500;00000935;430А;55,0 Ач;12В;Толстые;Прямая;242 мм.;175 мм.;190 мм.;14.8 кг.;"ООО ""Актех Энергия Трейд""";Российская Федерация г.Иркутск
Орион (ВСА) 60 Ач прям.п. (1);4880;00000936;520А;60,0 Ач;12В;Толстые;Прямая;242 мм.;175 мм.;190 мм.;15.1 кг.;"ООО ""Актех Энергия Трейд""";Российская Федерация г.Иркутск
Орион (ВСА) 62 Ач прям.п. (1);4200;00000937;480А;62,0 Ач;12В;Толстые;Прямая;242 мм.;175 мм.;190 мм.;15.8 кг.;"ООО ""Актех Энергия Трейд""";Российская Федерация г.Иркутск
Орион (ВСА) 66 Ач прям.п. (1);5630;00000938;540А;66,0 Ач;12В;Толстые;Прямая;278 мм.;175 мм.;190 мм.;19.4 кг.;"ООО ""Актех Энергия Трейд""";Российская Федерация г.Иркутск
Орион (ВСА) 75 Ач прям.п. (1);6150;00000939;580А;75,0 Ач;12В;Толстые;Прямая;278 мм.;175 мм.;190 мм.;19.6 кг.;"ООО ""Актех Энергия Трейд""";Российская Федерация г.Иркутск
Курск 215 Ач прям.п. (1);7580;00000696;1120А;215,0 Ач;6В;Толстые;Прямая;420 мм.;170 мм.;210 мм.;32 кг.;"ООО ""ИСТОК+""";Российская Федерация г.Курск
Зверь 77 Ач обр.п. (0);7030;00001266;720А;77,0 Ач;12В;Толстые;Обратная;278 мм.;175 мм.;190 мм.;22.2 кг.;"ООО ""Актех Энергия Трейд""";Российская Федерация г.Иркутск
ЗВЕРЬ Азия 58 Ач (75 B 24L) (0);5990;00000928;600А;58,0 Ач;12В;Тонкие;Обратная;238 мм.;129 мм.;235 мм.;14 кг.;"ООО ""Актех Энергия Трейд""";Российская Федерация г.Иркутск
ЗВЕРЬ Азия 58 Ач (75 B 24R) (1);5990;00002087;600А;58,0 Ач;12В;Тонкие;Прямая;238 мм.;129 мм.;235 мм.;14 кг.;"ООО ""Актех Энергия Трейд""";Российская Федерация г.Иркутск
ЗВЕРЬ Азия 70 Ач (85 D 23L) (0);7360;00002576;700А;70,0 Ач;12В;Толстые;Обратная;232 мм.;173 мм.;202 мм.;19.8 кг.;"ООО ""Актех Энергия Трейд""";Российская Федерация г.Иркутск
ЗВЕРЬ Азия 82 Ач (110 D 26L) (0);8310;00002577;750А;82,0 Ач;12В;Толстые;Обратная;265 мм.;173 мм.;223 мм.;23.5 кг.;"ООО ""Актех Энергия Трейд""";Российская Федерация г.Иркутск
Зверь 60 Ач обр.п. (0);5930;00001245;650А;60,0 Ач;12В;Толстые;Обратная;242 мм.;175 мм.;190 мм.;15.8 кг.;"ООО ""Актех Энергия Трейд""";Российская Федерация г.Иркутск
Зверь 65 Ач обр.п. (0);6340;00002583;700А;65,0 Ач;12В;Толстые;Обратная;242 мм.;175 мм.;190 мм.;17.6 кг.;"ООО ""Актех Энергия Трейд""";Российская Федерация г.Иркутск
Bars Silver 60 Ач прям.п. (1);4860;00000160;530А;60,0 Ач;12В;Толстые;Прямая;242 мм.;175 мм.;190 мм.;14.7 кг.;"ТОО ""Кайнар АКБ""";Республика Казахстан г.Талдыкорган
Bars Silver 60 Ач обр.п. (0);4860;00001198;530А;60,0 Ач;12В;Толстые;Обратная;242 мм.;175 мм.;190 мм.;14.7 кг.;"ТОО ""Кайнар АКБ""";Республика Казахстан г.Талдыкорган
Bars Silver 75 Ач прям.п. (1);6180;00000162;650А;75,0 Ач;12В;Толстые;Прямая;278 мм.;175 мм.;190 мм.;18 кг.;"ТОО ""Кайнар АКБ""";Республика Казахстан г.Талдыкорган
Bars Silver 75 Ач обр.п. (0);6180;00001174;650А;75,0 Ач;12В;Толстые;Обратная;278 мм.;175 мм.;190 мм.;18 кг.;"ТОО ""Кайнар АКБ""";Республика Казахстан г.Талдыкорган
Bars Silver 90 Ач прям.п. (1);7490;00000163;770А;90,0 Ач;12В;Толстые;Прямая;353 мм.;175 мм.;190 мм.;22 кг.;"ТОО ""Кайнар АКБ""";Республика Казахстан г.Талдыкорган
Bars Silver 90 Ач обр.п. (0);7490;00001199;770А;90,0 Ач;12В;Толстые;Обратная;353 мм.;175 мм.;190 мм.;22 кг.;"ТОО ""Кайнар АКБ""";Республика Казахстан г.Талдыкорган
Bars Silver 132 Ач прям.п. (4);12030;00000164;890А;132,0 Ач;12В;Толстые;Прямая;513 мм.;182 мм.;240 мм.;37 кг.;"ТОО ""Кайнар АКБ""";Республика Казахстан г.Талдыкорган
Bars Silver 140 Ач прям.п. (4);12160;00000165;920А;140,0 Ач;12В;Толстые;Прямая;513 мм.;182 мм.;240 мм.;37.5 кг.;"ТОО ""Кайнар АКБ""";Республика Казахстан г.Талдыкорган
Bars Silver 190 Ач (болт) прям.п. (4);15310;00000166;1250А;190,0 Ач;12В;Top Post (Под болт);Прямая;524 мм.;239 мм.;240 мм.;52 кг.;"ТОО ""Кайнар АКБ""";Республика Казахстан г.Талдыкорган
Bars Silver  210 Ач (болт) прям.п. (4);16470;00000167;1350А;210,0 Ач;12В;Толстые;Прямая;524 мм.;239 мм.;223 мм.;50 кг.;"ТОО ""Кайнар АКБ""";Республика Казахстан г.Талдыкорган
Bars Silver 215 Ач прям.п. (1);11900;00000168;1100А;215,0 Ач;6В;Толстые;Прямая;425 мм.;170 мм.;240 мм.;50 кг.;"ТОО ""Кайнар АКБ""";Республика Казахстан г.Талдыкорган
Bars Silver 55 Ач прям.п. (1);4780;00000159;500А;55,0 Ач;12В;Толстые;Прямая;242 мм.;175 мм.;190 мм.;14.5 кг.;"ТОО ""Кайнар АКБ""";Республика Казахстан г.Талдыкорган
Bars Silver 55 Ач обр.п. (0);4780;00001197;500А;55,0 Ач;12В;Толстые;Обратная;242 мм.;175 мм.;190 мм.;14.5 кг.;"ТОО ""Кайнар АКБ""";Республика Казахстан г.Талдыкорган
АКТЕХ 55 Ач прям.п. (1);4080;00000246;500А;55,0 Ач;12В;Толстые;Прямая;242 мм.;175 мм.;190 мм.;15.7 кг.;"ООО ""Актех Энергия Трейд""";Российская Федерация г.Иркутск
АКТЕХ 60 Ач прям.п. (1);4330;00000247;600А;60,0 Ач;12В;Толстые;Прямая;242 мм.;175 мм.;190 мм.;16.9 кг.;"ООО ""Актех Энергия Трейд""";Российская Федерация г.Иркутск
АКТЕХ 64 Ач прям.п. (1);4710;00000925;570А;64,0 Ач;12В;Толстые;Прямая;242 мм.;175 мм.;190 мм.;17.9 кг.;"ООО ""Актех Энергия Трейд""";Российская Федерация г.Иркутск
VARTA SD 74 Ач низ. (E38) обр.п. (0);12060;00001502;750А;74,0 Ач;12В;Толстые;Обратная;275 мм.;175 мм.;175 мм.;18 кг.;Clarios Germany GmbH& Co.KGaA;Германия г.Ганновер
VARTA SD 77 Ач (E44) обр.п. (0);12710;00001503;780А;77,0 Ач;12В;Толстые;Обратная;275 мм.;175 мм.;190 мм.;17.5 кг.;Clarios Germany GmbH& Co.KGaA;Германия г.Ганновер
VARTA SD 85 Ач низ. (F18) обр.п. (0);13950;00001496;800А;85,0 Ач;12В;Толстые;Обратная;305 мм.;175 мм.;175 мм.;21 кг.;Clarios Germany GmbH& Co.KGaA;Германия г.Ганновер
VARTA AGM 95 Ач (G14) обр.п. (0);29450;00001793;850А;95,0 Ач;12В;Толстые;Обратная;353 мм.;175 мм.;190 мм.;26.4 кг.;Johnson Controls Autobatterie GmbH &Co. KGaA;Германия г.Ганновер
VARTA SD 100 Ач (H3) обр.п. (0);18220;00001497;830А;100,0 Ач;12В;Толстые;Обратная;345 мм.;175 мм.;190 мм.;24 кг.;Clarios Germany GmbH& Co.KGaA;Германия г.Ганновер
VARTA SD 110 Ач (i1) обр.п. (0);18960;00001498;920А;110,0 Ач;12В;Толстые;Обратная;390 мм.;175 мм.;190 мм.;27 кг.;Clarios Germany GmbH& Co.KGaA;Германия г.Ганновер
VARTA SD 61 Ач низ. (D21) обр.п. (0);9850;00001500;600А;61,0 Ач;12В;Толстые;Обратная;240 мм.;175 мм.;175 мм.;16 кг.;Clarios Germany GmbH& Co.KGaA;Германия г.Ганновер
VARTA SD 63 Ач (D15) обр.п. (0);9990;00001501;610А;63,0 Ач;12В;Толстые;Обратная;240 мм.;175 мм.;190 мм.;16 кг.;Clarios Germany GmbH& Co.KGaA;Германия г.Ганновер
Uno 77 Ач прям.п.  (1);5600;00000754;670А;77,0 Ач;12В;Толстые;Прямая;276 мм.;175 мм.;190 мм.;18.3 кг.;"ООО ""ИСТОК+""";Российская Федерация г.Курск
Uno 90 Ач прям.п. (1);6980;00000755;780А;90,0 Ач;12В;Толстые;Прямая;353 мм.;175 мм.;190 мм.;22.4 кг.;"ООО ""ИСТОК+""";Российская Федерация г.Курск
Uno 90 Ач обр.п. (0);6980;00002611;780А;90,0 Ач;12В;Толстые;Обратная;353 мм.;175 мм.;190 мм.;22.4 кг.;"ООО ""ИСТОК+""";Российская Федерация г.Курск
VARTA AGM 60 Ач (D52) обр.п. (0);18600;00001889;680А;60,0 Ач;12В;Толстые;Обратная;240 мм.;175 мм.;190 мм.;17 кг.;Johnson Controls Autobatterie GmbH &Co. KGaA;Германия г.Ганновер
VARTA AGM 70 Ач (E39) обр.п. (0);22010;00001792;760А;70,0 Ач;12В;Толстые;Обратная;278 мм.;175 мм.;190 мм.;20.2 кг.;Johnson Controls Autobatterie GmbH &Co. KGaA;Германия г.Ганновер
VARTA AGM 80 Ач (F21) обр.п. (0);27900;00001890;800А;80,0 Ач;12В;Толстые;Обратная;305 мм.;175 мм.;190 мм.;21 кг.;Johnson Controls Autobatterie GmbH &Co. KGaA;Германия г.Ганновер
Uno 55 Ач прям.п. (1);4360;00000750;480А;55,0 Ач;12В;Толстые;Прямая;242 мм.;175 мм.;190 мм.;14.5 кг.;"ООО ""ИСТОК+""";Российская Федерация г.Курск
Uno 60 Ач  прям.п. (1);4380;00000751;510А;60,0 Ач;12В;Толстые;Прямая;242 мм.;175 мм.;190 мм.;15.2 кг.;"ООО ""ИСТОК+""";Российская Федерация г.Курск
Uno 62 Ач прям.п. (1);4720;00000752;530А;62,0 Ач;12В;Толстые;Прямая;242 мм.;175 мм.;190 мм.;15.8 кг.;"ООО ""ИСТОК+""";Российская Федерация г.Курск
Uno 140 Ач обр.п. (3);11760;00000756;900А;140,0 Ач;12В;Толстые;Обратная;513 мм.;189 мм.;223 мм.;37.3 кг.;"ООО ""ИСТОК+""";Российская Федерация г.Курск
Uno 190 Ач (болт) прям.п. (4);13970;00001836;1200А;190,0 Ач;12В;Толстые;Прямая;518 мм.;240 мм.;242 мм.;53 кг.;"ООО ""ИСТОК+""";Российская Федерация г.Курск
TUDOR HIGH - TECH 77 Ач обр.п. (0);11030;00001301;760А;77,0 Ач;12В;Толстые;Обратная;278 мм.;175 мм.;190 мм.;19 кг.;EXIDE TECHNOLOGIES Transportation Business Group Europe;Польша г. Познань
TUDOR HIGH - TECH 64 Ач обр.п. (0);8590;00001340;640А;64,0 Ач;12В;Толстые;Обратная;242 мм.;175 мм.;190 мм.;16 кг.;EXIDE TECHNOLOGIES Transportation Business Group Europe;Польша г. Познань
TUDOR HIGH - TECH 72 Ач (низ) обр.п. (0);9680;00001300;720А;72,0 Ач;12В;Толстые;Обратная;278 мм.;175 мм.;175 мм.;19 кг.;EXIDE TECHNOLOGIES Transportation Business Group Europe;Польша г. Познань
TUDOR HIGH - TECH 100 Ач обр.п.  (0);12700;00001297;900А;100,0 Ач;12В;Толстые;Обратная;353 мм.;175 мм.;190 мм.;24 кг.;EXIDE TECHNOLOGIES Transportation Business Group Europe;Польша г. Познань
SUPER NOVA 65 Ач (75 D 23 R) (1);14480;00000098;620А;65,0 Ач;12В;Толстые;Прямая;229 мм.;167 мм.;223 мм.;16 кг.;THE FURUKAWA BATTERY CO.,LTD;Япония г.Иокогама
SUPER NOVA 68 Ач (80 D 26 L) (0);15420;00000387;700А;68,0 Ач;12В;Толстые;Обратная;256 мм.;169 мм.;221 мм.;18 кг.;THE FURUKAWA BATTERY CO.,LTD;Япония г.Иокогама
SUPER NOVA 68 Ач (80 D 26 R) (1);15420;00000398;700А;68,0 Ач;12В;Толстые;Прямая;256 мм.;169 мм.;221 мм.;18 кг.;THE FURUKAWA BATTERY CO.,LTD;Япония г.Иокогама
SUPER NOVA 80 Ач (95 D 31 L) (0);17140;00000602;740А;80,0 Ач;12В;Толстые;Обратная;303 мм.;173 мм.;225 мм.;21 кг.;THE FURUKAWA BATTERY CO.,LTD;Япония г.Иокогама
SUPER NOVA 80 Ач (95 D 31 R) (1);17140;00000603;740А;80,0 Ач;12В;Толстые;Прямая;303 мм.;173 мм.;225 мм.;21 кг.;THE FURUKAWA BATTERY CO.,LTD;Япония г.Иокогама
SUPER NOVA 41 Ач (46 В 24 L) (0);9430;00000457;330А;45,0 Ач;12В;Тонкие;Обратная;234 мм.;125 мм.;225 мм.;12 кг.;THE FURUKAWA BATTERY CO.,LTD;Япония г.Иокогама
SUPER NOVA 45 Ач (55 В 24 L) (0);10150;00000097;480А;45,0 Ач;12В;Тонкие;Обратная;238 мм.;129 мм.;227 мм.;12 кг.;THE FURUKAWA BATTERY CO.,LTD;Япония г.Иокогама
SUPER NOVA 45 Ач (55 В 24 R) (1);10150;00000396;480А;45,0 Ач;12В;Тонкие;Прямая;238 мм.;129 мм.;227 мм.;12 кг.;THE FURUKAWA BATTERY CO.,LTD;Япония г.Иокогама
SUPER NOVA 60 Ач (55 D 23 L) ДИЗЕЛЬ (0);12640;00000523;360А;60,0 Ач;12В;Толстые;Обратная;229 мм.;167 мм.;223 мм.;16 кг.;THE FURUKAWA BATTERY CO.,LTD;Япония г.Иокогама
SUPER NOVA 60 Ач (55 D 23 R) ДИЗЕЛЬ (1);12640;00000432;360А;60,0 Ач;12В;Толстые;Прямая;229 мм.;167 мм.;223 мм.;16 кг.;THE FURUKAWA BATTERY CO.,LTD;Япония г.Иокогама
SUPER NOVA 65 Ач (75 D 23 L) (0);14480;00000397;620А;65,0 Ач;12В;Толстые;Обратная;229 мм.;167 мм.;223 мм.;16 кг.;THE FURUKAWA BATTERY CO.,LTD;Япония г.Иокогама
SUPER FB 9000 80 Ач (110 D 26 R) (1);12180;00001585;760А;80,0 Ач;12В;Толстые;Прямая;255 мм.;173 мм.;225 мм.;17.8 кг.;THE FURUKAWA BATTERY CO.,LTD;Япония г.Иокогама
SUPER FB 9000 92 Ач (125 D 31 L) (0);15220;00001587;870А;92,0 Ач;12В;Толстые;Обратная;303 мм.;173 мм.;225 мм.;21.5 кг.;THE FURUKAWA BATTERY CO.,LTD;Япония г.Иокогама
SUPER FB 9000 92 Ач (125 D 31 R) (1);15220;00001588;870А;92,0 Ач;12В;Толстые;Прямая;303 мм.;173 мм.;225 мм.;21.5 кг.;THE FURUKAWA BATTERY CO.,LTD;Япония г.Иокогама
SUPER FB 9000 43 Ач (46 В 19 R) (1);7150;00001271;370А;43,0 Ач;12В;Тонкие;Прямая;184 мм.;123 мм.;225 мм.;8 кг.;THE FURUKAWA BATTERY CO.,LTD;Япония г.Иокогама
SUPER FB 7000 90 Ач (115 D 31 R) (1);13360;00000095;900А;90,0 Ач;12В;Толстые;Прямая;303 мм.;173 мм.;225 мм.;21 кг.;THE FURUKAWA BATTERY CO.,LTD;Япония г.Иокогама
SUPER FB 7000 68 Ач (80 D 23 R) (1);9270;00002488;660А;68,0 Ач;12В;Толстые;Прямая;229 мм.;167 мм.;221 мм.;15.9 кг.;THE FURUKAWA BATTERY CO.,LTD;Япония г.Иокогама
SUPER FB 7000 73 Ач (90 D 26 L) (0);10240;00002088;750А;73,0 Ач;12В;Толстые;Обратная;256 мм.;169 мм.;221 мм.;17.7 кг.;THE FURUKAWA BATTERY CO.,LTD;Япония г.Иокогама
Spark 55 Ач прям.п. (1);4100;00002375;450А;55,0 Ач;12В;Толстые;Прямая;242 мм.;175 мм.;190 мм.;14.2 кг.;"ООО ""Актех Энергия Трейд""";Российская Федерация г.Иркутск
Spark 60 Ач прям.п. (1);4200;00002376;500А;60,0 Ач;12В;Толстые;Прямая;242 мм.;175 мм.;190 мм.;14.2 кг.;"ООО ""Актех Энергия Трейд""";Российская Федерация г.Иркутск
Spark 75 Ач прям.п. (1);5390;00002378;620А;75,0 Ач;12В;Толстые;Прямая;278 мм.;175 мм.;190 мм.;17.5 кг.;"ООО ""Актех Энергия Трейд""";Российская Федерация г.Иркутск
Solite SUPER 85 Ач (95 D 26 R) (1);7290;00001672;650А;85,0 Ач;12В;Толстые;Прямая;260 мм.;168 мм.;220 мм.;18 кг.;HYUNDAI SUNGWOO SOLITE CO.,LTD;Республика Корея г.Сеул
Solite SUPER 85 Ач (95 D 26 R)  с буртиком (1);7290;00001674;650А;85,0 Ач;12В;Толстые;Прямая;260 мм.;168 мм.;220 мм.;18 кг.;HYUNDAI SUNGWOO SOLITE CO.,LTD;Республика Корея г.Сеул
Solite SUPER 95 Ач (115 D 31 L) (0);8610;00001668;750А;95,0 Ач;12В;Толстые;Обратная;301 мм.;172 мм.;220 мм.;22 кг.;HYUNDAI SUNGWOO SOLITE CO.,LTD;Республика Корея г.Сеул
Solite SUPER 95 Ач (115 D 31 L) с буртиком (0);8610;00001675;750А;95,0 Ач;12В;Толстые;Обратная;301 мм.;172 мм.;220 мм.;22 кг.;HYUNDAI SUNGWOO SOLITE CO.,LTD;Республика Корея г.Сеул
Solite SUPER 95 Ач (115 D 31 R) (1);8610;00001669;750А;95,0 Ач;12В;Толстые;Прямая;301 мм.;172 мм.;220 мм.;22 кг.;HYUNDAI SUNGWOO SOLITE CO.,LTD;Республика Корея г.Сеул
Solite SUPER 95 Ач (115 D 31 R)  с буртиком (1);8610;00001676;750А;95,0 Ач;12В;Толстые;Прямая;301 мм.;172 мм.;220 мм.;22 кг.;HYUNDAI SUNGWOO SOLITE CO.,LTD;Республика Корея г.Сеул
Solite SUPER 44 Ач (44 B 19 R) (1);4530;00001662;350А;44,0 Ач;12В;Тонкие;Прямая;187 мм.;127 мм.;199 мм.;9 кг.;HYUNDAI SUNGWOO SOLITE CO.,LTD;Республика Корея г.Сеул
Solite SUPER 50 Ач (65 B 24 L) (0);4940;00001663;470А;50,0 Ач;12В;Тонкие;Обратная;236 мм.;128 мм.;220 мм.;12.9 кг.;HYUNDAI SUNGWOO SOLITE CO.,LTD;Республика Корея г.Сеул
Solite SUPER 50 Ач (65 B 24 R) (1);4940;00001664;470А;50,0 Ач;12В;Тонкие;Прямая;236 мм.;128 мм.;220 мм.;12.9 кг.;HYUNDAI SUNGWOO SOLITE CO.,LTD;Республика Корея г.Сеул
Solite SUPER 70 Ач (85 D 23 L) (0);6480;00001665;580А;70,0 Ач;12В;Толстые;Обратная;230 мм.;168 мм.;220 мм.;14.5 кг.;HYUNDAI SUNGWOO SOLITE CO.,LTD;Республика Корея г.Сеул
Solite SUPER 70 Ач (85 D 23 L) с буртиком (0);6480;00001670;580А;70,0 Ач;12В;Толстые;Обратная;230 мм.;168 мм.;220 мм.;14.5 кг.;HYUNDAI SUNGWOO SOLITE CO.,LTD;Республика Корея г.Сеул
Solite SUPER 70 Ач (85 D 23 R)(1);6480;00001666;580А;70,0 Ач;12В;Толстые;Прямая;230 мм.;168 мм.;220 мм.;14.5 кг.;HYUNDAI SUNGWOO SOLITE CO.,LTD;Республика Корея г.Сеул
Solite SUPER 70 Ач (85 D 23 R) с буртиком (1);6480;00001671;580А;70,0 Ач;12В;Толстые;Прямая;230 мм.;168 мм.;220 мм.;14.5 кг.;HYUNDAI SUNGWOO SOLITE CO.,LTD;Республика Корея г.Сеул
Solite SUPER 85 Ач (95 D 26 L) (0);7290;00001667;650А;85,0 Ач;12В;Толстые;Обратная;260 мм.;168 мм.;220 мм.;18 кг.;HYUNDAI SUNGWOO SOLITE CO.,LTD;Республика Корея г.Сеул
Solite SUPER 85 Ач (95 D 26 L) с буртиком (0);7290;00001673;650А;85,0 Ач;12В;Толстые;Обратная;260 мм.;168 мм.;220 мм.;18 кг.;HYUNDAI SUNGWOO SOLITE CO.,LTD;Республика Корея г.Сеул
Solite Silver 59 Ач (70 B 24 R) (1);5810;00001981;520А;59,0 Ач;12В;Тонкие;Прямая;236 мм.;128 мм.;220 мм.;13 кг.;HYUNDAI SUNGWOO SOLITE CO.,LTD;Республика Корея г.Сеул
Solite Silver 85 Ач (95 D 23 L) (0);7710;00001982;630А;85,0 Ач;12В;Толстые;Обратная;230 мм.;168 мм.;220 мм.;16 кг.;HYUNDAI SUNGWOO SOLITE CO.,LTD;Республика Корея г.Сеул
Solite Silver 85 Ач (95 D 23 R) (1);7710;00001983;630А;85,0 Ач;12В;Толстые;Прямая;230 мм.;168 мм.;220 мм.;16 кг.;HYUNDAI SUNGWOO SOLITE CO.,LTD;Республика Корея г.Сеул
Solite Silver 95 Ач (105 D 26 L) (0);8830;00001984;710А;95,0 Ач;12В;Толстые;Обратная;260 мм.;168 мм.;220 мм.;18 кг.;HYUNDAI SUNGWOO SOLITE CO.,LTD;Республика Корея г.Сеул
Solite Silver 95 Ач (105 D 26 R) (1);8830;00001985;710А;95,0 Ач;12В;Толстые;Прямая;260 мм.;168 мм.;220 мм.;18 кг.;HYUNDAI SUNGWOO SOLITE CO.,LTD;Республика Корея г.Сеул
Solite SUPER 44 Ач (44 B 19 L) (0);4530;00001661;350А;44,0 Ач;12В;Тонкие;Обратная;187 мм.;127 мм.;199 мм.;9 кг.;HYUNDAI SUNGWOO SOLITE CO.,LTD;Республика Корея г.Сеул
Solite Silver 110 Ач (125 D 31L) (0);10000;00001986;850А;110,0 Ач;12В;Толстые;Обратная;301 мм.;172 мм.;220 мм.;21 кг.;HYUNDAI SUNGWOO SOLITE CO.,LTD;Республика Корея г.Сеул
Solite Silver 110 Ач (125 D 31R) (1);10000;00001987;850А;110,0 Ач;12В;Толстые;Прямая;301 мм.;172 мм.;220 мм.;21 кг.;HYUNDAI SUNGWOO SOLITE CO.,LTD;Республика Корея г.Сеул
Solite Silver 50 Ач (55 B 19L) (0);5230;00001979;410А;50,0 Ач;12В;Тонкие;Обратная;187 мм.;127 мм.;220 мм.;9 кг.;HYUNDAI SUNGWOO SOLITE CO.,LTD;Республика Корея г.Сеул
Solite Silver 50 Ач (55 B 19 R) (1);5230;00002120;410А;50,0 Ач;12В;Тонкие;Прямая;187 мм.;127 мм.;220 мм.;9 кг.;HYUNDAI SUNGWOO SOLITE CO.,LTD;Республика Корея г.Сеул
Solite Silver 59 Ач (70 B 24 L) (0);5810;00001980;520А;59,0 Ач;12В;Тонкие;Обратная;236 мм.;128 мм.;220 мм.;13 кг.;HYUNDAI SUNGWOO SOLITE CO.,LTD;Республика Корея г.Сеул
SilverStar 92 Ач прям.п. (1);5470;00001739;820А;92,0 Ач;12В;Толстые;Прямая;353 мм.;175 мм.;190 мм.;22 кг.;"ООО Рязанский аккумуляторный завод ""Тангстоун""";Российская Федерация г.Рязань
MUTLU SFB M3 75 Ач обр.п. (0);7920;00001729;720А;75,0 Ач;12В;Толстые;Обратная;275 мм.;175 мм.;195 мм.;18 кг.;MUTLU AKU VE MALZEMELERI SANAYII A.S.;Турецкая Республика г. Анкара
MUTLU SFB M3 75 Ач прям.п. (1);7920;00001728;720А;75,0 Ач;12В;Толстые;Прямая;275 мм.;175 мм.;195 мм.;18 кг.;MUTLU AKU VE MALZEMELERI SANAYII A.S.;Турецкая Республика г. Анкара
MUTLU SFB M2 190 Ач обр.п. (3);23270;00002122;1300А;190,0 Ач;12В;Толстые;Обратная;510 мм.;225 мм.;220 мм.;47 кг.;MUTLU AKU VE MALZEMELERI SANAYII A.S.;Турецкая Республика г. Анкара
MUTLU SFB M3 60 Ач обр.п. (0);6380;00001724;540А;60,0 Ач;12В;Толстые;Обратная;240 мм.;175 мм.;195 мм.;16 кг.;MUTLU AKU VE MALZEMELERI SANAYII A.S.;Турецкая Республика г. Анкара
MUTLU SFB M3 60 Ач прям.п. (1);6380;00001723;540А;60,0 Ач;12В;Толстые;Прямая;240 мм.;175 мм.;195 мм.;16 кг.;MUTLU AKU VE MALZEMELERI SANAYII A.S.;Турецкая Республика г. Анкара
MUTLU SFB M3 63 Ач прям.п. (1);7000;00001726;640А;63,0 Ач;12В;Толстые;Прямая;240 мм.;175 мм.;195 мм.;16.3 кг.;MUTLU AKU VE MALZEMELERI SANAYII A.S.;Турецкая Республика г. Анкара
MUTLU SFB M2 100 Ач обр.п. (0);9870;00001721;830А;100,0 Ач;12В;Толстые;Обратная;345 мм.;175 мм.;195 мм.;23.1 кг.;MUTLU AKU VE MALZEMELERI SANAYII A.S.;Турецкая Республика г. Анкара
Forse 74 Ач прям.п. (1);8320;00000258;760А;74,0 Ач;12В;Толстые;Прямая;276 мм.;175 мм.;190 мм.;18.1 кг.;"ООО ""ИСТОК+""";Российская Федерация г.Курск
Forse 55 Ач прям.п. (1);6420;00000255;550А;55,0 Ач;12В;Толстые;Прямая;242 мм.;175 мм.;190 мм.;14.3 кг.;"ООО ""ИСТОК+""";Российская Федерация г.Курск
Forse 60 Ач (низ) обр.п. (0);6760;00000226;640А;60,0 Ач;12В;Толстые;Обратная;242 мм.;175 мм.;175 мм.;14.8 кг.;"ООО ""ИСТОК+""";Российская Федерация г.Курск
Forse 65 Ач обр.п. (0);6990;00000227;660А;65,0 Ач;12В;Толстые;Обратная;242 мм.;175 мм.;190 мм.;15.1 кг.;"ООО ""ИСТОК+""";Российская Федерация г.Курск
Forse 65 Ач прям.п. (1);6990;00000257;660А;65,0 Ач;12В;Толстые;Прямая;242 мм.;175 мм.;190 мм.;15.1 кг.;"ООО ""ИСТОК+""";Российская Федерация г.Курск
Forse 74 Ач обр.п . (0);8320;00000229;760А;74,0 Ач;12В;Толстые;Обратная;276 мм.;175 мм.;190 мм.;18.1 кг.;"ООО ""ИСТОК+""";Российская Федерация г.Курск
Forse 192 Ач (ун.кл) прям.п. (4);20660;00001595;1350А;192,0 Ач;12В;Толстые;Прямая;513 мм.;223 мм.;217 мм.;51.4 кг.;"ООО ""ИСТОК+""";Российская Федерация г.Курск
Forse 50 Ач обр.п. (0);5880;00000224;480А;50,0 Ач;12В;Толстые;Обратная;207 мм.;175 мм.;175 мм.;11.5 кг.;"ООО ""ИСТОК+""";Российская Федерация г.Курск
Forse 50 Ач прям.п. (1);5880;00000651;480А;50,0 Ач;12В;Толстые;Прямая;207 мм.;175 мм.;175 мм.;11.5 кг.;"ООО ""ИСТОК+""";Российская Федерация г.Курск
FireBall 60 Ач обр.п. (0);4380;00001011;510А;60,0 Ач;12В;Толстые;Обратная;242 мм.;175 мм.;190 мм.;13.5 кг.;"ООО ""ИСТОК+""";Российская Федерация г.Курск
FireBall 62 Ач прям.п. (1);4720;00000217;530А;62,0 Ач;12В;Толстые;Прямая;242 мм.;175 мм.;190 мм.;13.7 кг.;"ООО ""ИСТОК+""";Российская Федерация г.Курск
FireBall 62 Ач обр.п. (0);4720;00001248;530А;62,0 Ач;12В;Толстые;Обратная;242 мм.;175 мм.;190 мм.;13.7 кг.;"ООО ""ИСТОК+""";Российская Федерация г.Курск
FireBall 77 Ач прям.п. (1);5600;00000219;670А;77,0 Ач;12В;Толстые;Прямая;276 мм.;175 мм.;190 мм.;17.1 кг.;"ООО ""ИСТОК+""";Российская Федерация г.Курск
FireBall 77 Ач обр.п. (0);5600;00001677;670А;77,0 Ач;12В;Толстые;Обратная;276 мм.;175 мм.;190 мм.;17.1 кг.;"ООО ""ИСТОК+""";Российская Федерация г.Курск
FirеBall 90 Ач прям.п. (1);6980;00000220;780А;90,0 Ач;12В;Толстые;Прямая;353 мм.;175 мм.;190 мм.;21.1 кг.;"ООО ""ИСТОК+""";Российская Федерация г.Курск
Forse 100 Ач обр.п. (0);10930;00000231;910А;100,0 Ач;12В;Толстые;Обратная;353 мм.;175 мм.;190 мм.;23 кг.;"ООО ""ИСТОК+""";Российская Федерация г.Курск
Forse 100 Ач прям.п. (1);10930;00000254;910А;100,0 Ач;12В;Толстые;Прямая;353 мм.;175 мм.;190 мм.;23 кг.;"ООО ""ИСТОК+""";Российская Федерация г.Курск
FireBall 140 Ач обр.п. (3);11760;00000221;900А;140,0 Ач;12В;Толстые;Обратная;513 мм.;189 мм.;223 мм.;34 кг.;"ООО ""ИСТОК+""";Российская Федерация г.Курск
FireBall 190 Ач (ун.кл) прям.п. (4);13970;00000222;1200А;190,0 Ач;12В;Толстые;Прямая;518 мм.;240 мм.;242 мм.;42.9 кг.;"ООО ""ИСТОК+""";Российская Федерация г.Курск
FireBall 200 Ач прям.п. (4);16510;00001678;1250А;200,0 Ач;12В;Толстые;Обратная;518 мм.;240 мм.;242 мм.;54.4 кг.;"ООО ""ИСТОК+""";Российская Федерация г.Курск
FireBall 55 Ач прям.п. (1);4360;00000215;480А;55,0 Ач;12В;Толстые;Прямая;242 мм.;175 мм.;190 мм.;13.3 кг.;"ООО ""ИСТОК+""";Российская Федерация г.Курск
FireBall 60 Ач прям.п. (1);4380;00000216;510А;60,0 Ач;12В;Толстые;Прямая;242 мм.;175 мм.;190 мм.;13.5 кг.;"ООО ""ИСТОК+""";Российская Федерация г.Курск
FB Hybrid 75 Ач прям.п. (1);7390;00001010;700А;75,0 Ач;12В;Толстые;Прямая;276 мм.;175 мм.;190 мм.;18.9 кг.;"ООО ""ИСТОК+""";Российская Федерация г.Курск
